timestamp,uid,event_type,process,result,terminal,exe,syscall,exit_code,cwd,path,inode,audit_id,details.device,details.scontext,details.tcontext,details.tclass,details.operation,details.result
2025-03-23T22:20:18.600798,1011,USER_LOGIN,/usr/bin/bash,success,pts/1,,,,,,,,,,,,,
2025-03-23T20:00:24.598216,1009,SYSCALL_DENIED,mv,failed,,/bin/mv,open,-13.0,/home/user,/var/log/auth.log,119272.0,8297.0,,,,,,
2025-03-23T11:41:50.597256,1016,SYSCALL_DENIED,mv,failed,,/usr/bin/less,open,-13.0,/home/user,/var/log/syslog,120012.0,9358.0,,,,,,
2025-03-24T08:31:28.596826,1011,SYSCALL_DENIED,less,failed,,/usr/bin/nano,open,-13.0,/home/user,/root/.ssh/authorized_keys,109158.0,9328.0,,,,,,
2025-03-24T06:24:08.601346,1003,USER_LOGIN,/usr/bin/bash,success,pts/1,,,,,,,,,,,,,
2025-03-23T12:57:02.597086,1001,AVC_DENIED,cp,,,,,,,/home/user/.ssh/id_rsa,133684.0,,sda1,unconfined_u:unconfined_r:unconfined_t:s0,system_u:object_r:shadow_t:s0,file,read,denied
2025-03-24T09:12:47.599253,1018,USER_ACCT,/usr/bin/bash,success,pts/1,,,,,,,,,,,,,
2025-03-23T16:37:03.596217,1011,AVC_DENIED,nano,,,,,,,/root/.bash_history,169416.0,,sda1,unconfined_u:unconfined_r:unconfined_t:s0,system_u:object_r:shadow_t:s0,file,read,denied
2025-03-24T05:23:06.599231,1011,USER_LOGIN,/usr/bin/bash,success,pts/1,,,,,,,,,,,,,
2025-03-23T21:16:55.597896,1008,SYSCALL_DENIED,vim,failed,,/usr/bin/nano,open,-13.0,/home/user,/usr/bin/wget,131407.0,6081.0,,,,,,
2025-03-24T01:36:17.597367,1000,AVC_DENIED,vim,,,,,,,/usr/bin/curl,165237.0,,sda1,unconfined_u:unconfined_r:unconfined_t:s0,system_u:object_r:shadow_t:s0,file,read,denied
2025-03-23T23:33:26.601296,1000,USER_END,/usr/bin/bash,success,pts/1,,,,,,,,,,,,,
2025-03-23T12:45:34.602143,1015,USER_END,/usr/bin/bash,success,pts/1,,,,,,,,,,,,,
2025-03-23T19:16:45.602340,1002,USER_CMD,/usr/bin/bash,success,pts/1,,,,,,,,,,,,,
2025-03-23T08:57:00.596060,1002,AVC_DENIED,cat,,,,,,,/etc/hosts,123850.0,,sda1,unconfined_u:unconfined_r:unconfined_t:s0,system_u:object_r:shadow_t:s0,file,read,denied
2025-03-23T18:04:53.599782,1013,USER_END,/usr/bin/bash,success,pts/1,,,,,,,,,,,,,
2025-03-24T03:36:31.597245,1005,AVC_DENIED,cat,,,,,,,/home/user/.bashrc,129848.0,,sda1,unconfined_u:unconfined_r:unconfined_t:s0,system_u:object_r:shadow_t:s0,file,read,denied
2025-03-24T08:42:59.600906,1015,USER_LOGIN,/usr/bin/bash,success,pts/1,,,,,,,,,,,,,
2025-03-23T10:08:06.599509,1012,USER_ACCT,/usr/bin/bash,success,pts/1,,,,,,,,,,,,,
2025-03-23T14:14:29.597377,1002,AVC_DENIED,cp,,,,,,,/usr/bin/curl,152608.0,,sda1,unconfined_u:unconfined_r:unconfined_t:s0,system_u:object_r:shadow_t:s0,file,read,denied
2025-03-23T10:49:08.600456,1006,USER_END,/usr/bin/bash,success,pts/1,,,,,,,,,,,,,
2025-03-24T00:07:03.596553,1015,AVC_DENIED,cp,,,,,,,/home/user/.ssh/id_rsa,186907.0,,sda1,unconfined_u:unconfined_r:unconfined_t:s0,system_u:object_r:shadow_t:s0,file,read,denied
2025-03-23T12:47:57.601668,1006,CRED_DISP,/usr/bin/bash,success,pts/1,,,,,,,,,,,,,
2025-03-24T02:11:06.601661,1010,USER_CMD,/usr/bin/bash,success,pts/1,,,,,,,,,,,,,
2025-03-24T08:12:54.597776,1000,AVC_DENIED,cat,,,,,,,/usr/bin/curl,182958.0,,sda1,unconfined_u:unconfined_r:unconfined_t:s0,system_u:object_r:shadow_t:s0,file,read,denied
2025-03-24T03:35:54.599790,1013,USER_START,/usr/bin/bash,success,pts/1,,,,,,,,,,,,,
2025-03-23T22:53:30.601360,1006,USER_END,/usr/bin/bash,success,pts/1,,,,,,,,,,,,,
2025-03-24T08:57:16.597497,1017,AVC_DENIED,vim,,,,,,,/etc/passwd,157912.0,,sda1,unconfined_u:unconfined_r:unconfined_t:s0,system_u:object_r:shadow_t:s0,file,read,denied
2025-03-23T10:14:52.598144,1019,SYSCALL_DENIED,vim,failed,,/usr/bin/vim,open,-13.0,/home/user,/etc/sudoers,171297.0,7242.0,,,,,,
2025-03-24T05:22:57.600302,1003,CRED_ACQ,/usr/bin/bash,success,pts/1,,,,,,,,,,,,,
2025-03-23T17:26:10.598884,1017,USER_LOGIN,/usr/bin/bash,success,pts/1,,,,,,,,,,,,,
2025-03-24T08:55:00.599813,1014,USER_END,/usr/bin/bash,success,pts/1,,,,,,,,,,,,,
2025-03-23T12:36:42.598772,1006,USER_START,/usr/bin/bash,success,pts/1,,,,,,,,,,,,,
2025-03-23T23:56:54.596631,1004,SYSCALL_DENIED,mv,failed,,/bin/mv,open,-13.0,/home/user,/etc/hosts,163726.0,9603.0,,,,,,
2025-03-24T08:33:35.602405,1010,CRED_ACQ,/usr/bin/bash,success,pts/1,,,,,,,,,,,,,
2025-03-24T09:54:45.599160,1007,USER_LOGIN,/usr/bin/bash,success,pts/1,,,,,,,,,,,,,
2025-03-23T13:32:28.596912,1014,SYSCALL_DENIED,mv,failed,,/bin/cp,open,-13.0,/home/user,/etc/hosts,160070.0,6919.0,,,,,,
2025-03-24T08:01:13.596956,1019,AVC_DENIED,cp,,,,,,,/etc/hosts,115393.0,,sda1,unconfined_u:unconfined_r:unconfined_t:s0,system_u:object_r:shadow_t:s0,file,read,denied
2025-03-23T22:17:04.600827,1008,USER_CMD,/usr/bin/bash,success,pts/1,,,,,,,,,,,,,
2025-03-23T13:25:10.597341,1016,SYSCALL_DENIED,cat,failed,,/usr/bin/nano,open,-13.0,/home/user,/usr/bin/wget,178969.0,6312.0,,,,,,
2025-03-23T15:00:46.600512,1016,USER_LOGIN,/usr/bin/bash,success,pts/1,,,,,,,,,,,,,
2025-03-24T08:04:33.598764,1017,USER_START,/usr/bin/bash,success,pts/1,,,,,,,,,,,,,
2025-03-24T08:18:50.597322,1007,SYSCALL_DENIED,nano,failed,,/usr/bin/vim,open,-13.0,/home/user,/root/.ssh/authorized_keys,110912.0,4194.0,,,,,,
2025-03-23T15:57:12.599857,1018,USER_START,/usr/bin/bash,success,pts/1,,,,,,,,,,,,,
2025-03-23T21:15:26.602269,1015,USER_ACCT,/usr/bin/bash,success,pts/1,,,,,,,,,,,,,
2025-03-23T19:24:18.597298,1008,AVC_DENIED,less,,,,,,,/bin/bash,190670.0,,sda1,unconfined_u:unconfined_r:unconfined_t:s0,system_u:object_r:shadow_t:s0,file,read,denied
2025-03-23T22:33:43.601218,1016,USER_CMD,/usr/bin/bash,success,pts/1,,,,,,,,,,,,,
2025-03-23T11:03:30.596934,1010,SYSCALL_DENIED,less,failed,,/usr/bin/nano,open,-13.0,/home/user,/etc/sudoers,173633.0,7332.0,,,,,,
2025-03-23T12:25:10.597810,1019,SYSCALL_DENIED,cat,failed,,/usr/bin/cat,open,-13.0,/home/user,/var/log/auth.log,184845.0,8225.0,,,,,,
2025-03-23T15:28:42.597287,1018,AVC_DENIED,mv,,,,,,,/etc/passwd,172901.0,,sda1,unconfined_u:unconfined_r:unconfined_t:s0,system_u:object_r:shadow_t:s0,file,read,denied
2025-03-23T21:52:06.601498,1018,CRED_DISP,/usr/bin/bash,success,pts/1,,,,,,,,,,,,,
2025-03-23T15:17:59.599997,1000,USER_ACCT,/usr/bin/bash,success,pts/1,,,,,,,,,,,,,
2025-03-23T14:08:21.600149,1014,USER_LOGIN,/usr/bin/bash,success,pts/1,,,,,,,,,,,,,
2025-03-23T17:35:59.602240,1003,CRED_DISP,/usr/bin/bash,success,pts/1,,,,,,,,,,,,,
2025-03-23T13:12:42.601324,1013,USER_START,/usr/bin/bash,success,pts/1,,,,,,,,,,,,,
2025-03-23T17:23:18.597601,1011,SYSCALL_DENIED,nano,failed,,/bin/mv,open,-13.0,/home/user,/root/.ssh/authorized_keys,144032.0,1559.0,,,,,,
2025-03-23T18:24:37.601526,1007,CRED_DISP,/usr/bin/bash,success,pts/1,,,,,,,,,,,,,
2025-03-23T08:47:30.599603,1001,USER_ACCT,/usr/bin/bash,success,pts/1,,,,,,,,,,,,,
2025-03-24T08:21:08.600478,1011,USER_END,/usr/bin/bash,success,pts/1,,,,,,,,,,,,,
2025-03-23T16:06:47.597907,1019,SYSCALL_DENIED,nano,failed,,/usr/bin/cat,open,-13.0,/home/user,/root/.bash_history,170345.0,1420.0,,,,,,
2025-03-24T10:07:02.600812,1018,USER_END,/usr/bin/bash,success,pts/1,,,,,,,,,,,,,
2025-03-23T19:34:29.596114,1008,AVC_DENIED,nano,,,,,,,/home/user/.bashrc,146803.0,,sda1,unconfined_u:unconfined_r:unconfined_t:s0,system_u:object_r:shadow_t:s0,file,read,denied
2025-03-23T15:48:50.598260,1009,SYSCALL_DENIED,mv,failed,,/bin/cp,open,-13.0,/home/user,/etc/rc.local,145519.0,1738.0,,,,,,
2025-03-24T00:15:59.597538,1007,AVC_DENIED,vim,,,,,,,/etc/ssh/sshd_config,162776.0,,sda1,unconfined_u:unconfined_r:unconfined_t:s0,system_u:object_r:shadow_t:s0,file,read,denied
2025-03-24T04:51:28.599181,1008,CRED_ACQ,/usr/bin/bash,success,pts/1,,,,,,,,,,,,,
2025-03-23T13:29:00.597732,1008,SYSCALL_DENIED,less,failed,,/usr/bin/vim,open,-13.0,/home/user,/root/.ssh/authorized_keys,156228.0,3044.0,,,,,,
2025-03-24T08:55:32.600104,1015,USER_LOGIN,/usr/bin/bash,success,pts/1,,,,,,,,,,,,,
2025-03-23T20:38:44.602261,1016,USER_START,/usr/bin/bash,success,pts/1,,,,,,,,,,,,,
2025-03-24T03:05:53.597710,1008,SYSCALL_DENIED,less,failed,,/usr/bin/less,open,-13.0,/home/user,/etc/passwd,160589.0,5855.0,,,,,,
2025-03-24T07:07:38.597755,1011,SYSCALL_DENIED,cp,failed,,/bin/mv,open,-13.0,/home/user,/root/.bash_history,182658.0,9354.0,,,,,,
2025-03-23T21:35:51.600575,1012,USER_START,/usr/bin/bash,success,pts/1,,,,,,,,,,,,,
2025-03-24T02:42:21.598913,1003,USER_END,/usr/bin/bash,success,pts/1,,,,,,,,,,,,,
2025-03-24T00:19:37.596643,1014,SYSCALL_DENIED,vim,failed,,/usr/bin/nano,open,-13.0,/home/user,/etc/crontab,182818.0,4249.0,,,,,,
2025-03-24T07:35:19.600820,1002,USER_ACCT,/usr/bin/bash,success,pts/1,,,,,,,,,,,,,
2025-03-24T05:15:42.599834,1016,USER_CMD,/usr/bin/bash,success,pts/1,,,,,,,,,,,,,
2025-03-23T23:05:54.600192,1017,CRED_DISP,/usr/bin/bash,success,pts/1,,,,,,,,,,,,,
2025-03-23T15:31:57.596192,1014,SYSCALL_DENIED,cp,failed,,/usr/bin/nano,open,-13.0,/home/user,/bin/bash,100615.0,5256.0,,,,,,
2025-03-23T08:49:25.601147,1002,USER_CMD,/usr/bin/bash,success,pts/1,,,,,,,,,,,,,
2025-03-23T23:25:51.600669,1015,USER_CMD,/usr/bin/bash,success,pts/1,,,,,,,,,,,,,
2025-03-23T20:01:02.598227,1009,AVC_DENIED,mv,,,,,,,/home/user/.ssh/id_rsa,154099.0,,sda1,unconfined_u:unconfined_r:unconfined_t:s0,system_u:object_r:shadow_t:s0,file,read,denied
2025-03-23T22:30:41.601074,1013,USER_ACCT,/usr/bin/bash,success,pts/1,,,,,,,,,,,,,
2025-03-23T21:24:39.598713,1010,CRED_DISP,/usr/bin/bash,success,pts/1,,,,,,,,,,,,,
2025-03-23T16:32:26.597875,1019,SYSCALL_DENIED,cp,failed,,/usr/bin/nano,open,-13.0,/home/user,/bin/bash,193879.0,8194.0,,,,,,
2025-03-24T00:07:28.600323,1011,USER_CMD,/usr/bin/bash,success,pts/1,,,,,,,,,,,,,
2025-03-24T08:33:25.601169,1006,USER_ACCT,/usr/bin/bash,success,pts/1,,,,,,,,,,,,,
2025-03-23T18:59:28.599516,1004,CRED_ACQ,/usr/bin/bash,success,pts/1,,,,,,,,,,,,,
2025-03-23T09:46:34.597766,1017,AVC_DENIED,cat,,,,,,,/etc/hosts,126808.0,,sda1,unconfined_u:unconfined_r:unconfined_t:s0,system_u:object_r:shadow_t:s0,file,read,denied
2025-03-24T01:21:56.600380,1018,CRED_DISP,/usr/bin/bash,success,pts/1,,,,,,,,,,,,,
2025-03-23T15:21:29.601239,1007,USER_LOGIN,/usr/bin/bash,success,pts/1,,,,,,,,,,,,,
2025-03-24T02:05:44.600913,1000,CRED_ACQ,/usr/bin/bash,success,pts/1,,,,,,,,,,,,,
2025-03-23T19:26:51.598295,1002,AVC_DENIED,cp,,,,,,,/etc/shadow,162054.0,,sda1,unconfined_u:unconfined_r:unconfined_t:s0,system_u:object_r:shadow_t:s0,file,read,denied
2025-03-24T10:31:30.602254,1005,USER_START,/usr/bin/bash,success,pts/1,,,,,,,,,,,,,
2025-03-24T03:03:36.600470,1014,USER_ACCT,/usr/bin/bash,success,pts/1,,,,,,,,,,,,,
2025-03-24T10:06:54.601625,1011,USER_END,/usr/bin/bash,success,pts/1,,,,,,,,,,,,,
2025-03-24T01:06:15.602247,1010,USER_START,/usr/bin/bash,success,pts/1,,,,,,,,,,,,,
2025-03-24T01:23:27.602319,1015,USER_LOGIN,/usr/bin/bash,success,pts/1,,,,,,,,,,,,,
2025-03-23T12:21:11.599326,1017,USER_CMD,/usr/bin/bash,success,pts/1,,,,,,,,,,,,,
2025-03-23T20:12:47.599667,1015,USER_LOGIN,/usr/bin/bash,success,pts/1,,,,,,,,,,,,,
2025-03-24T06:40:55.599411,1000,USER_LOGIN,/usr/bin/bash,success,pts/1,,,,,,,,,,,,,
2025-03-23T15:53:54.600244,1006,USER_START,/usr/bin/bash,success,pts/1,,,,,,,,,,,,,
2025-03-23T17:16:36.602326,1002,USER_ACCT,/usr/bin/bash,success,pts/1,,,,,,,,,,,,,
2025-03-24T02:51:09.599023,1007,CRED_DISP,/usr/bin/bash,success,pts/1,,,,,,,,,,,,,
2025-03-23T10:12:49.602375,1001,USER_START,/usr/bin/bash,success,pts/1,,,,,,,,,,,,,
2025-03-23T23:42:40.598070,1016,SYSCALL_DENIED,cp,failed,,/bin/mv,open,-13.0,/home/user,/etc/sudoers,124211.0,9667.0,,,,,,
2025-03-23T19:24:19.600331,1014,CRED_ACQ,/usr/bin/bash,success,pts/1,,,,,,,,,,,,,
2025-03-24T08:00:01.596923,1010,AVC_DENIED,mv,,,,,,,/usr/bin/wget,126904.0,,sda1,unconfined_u:unconfined_r:unconfined_t:s0,system_u:object_r:shadow_t:s0,file,read,denied
2025-03-24T04:28:03.596655,1007,SYSCALL_DENIED,cat,failed,,/bin/mv,open,-13.0,/home/user,/etc/hosts,192451.0,7010.0,,,,,,
2025-03-23T16:24:43.600288,1014,USER_LOGIN,/usr/bin/bash,success,pts/1,,,,,,,,,,,,,
2025-03-24T09:28:16.599753,1007,USER_LOGIN,/usr/bin/bash,success,pts/1,,,,,,,,,,,,,
2025-03-24T03:18:51.599611,1019,CRED_DISP,/usr/bin/bash,success,pts/1,,,,,,,,,,,,,
2025-03-23T21:06:18.600017,1013,USER_END,/usr/bin/bash,success,pts/1,,,,,,,,,,,,,
2025-03-23T09:53:31.602196,1010,USER_START,/usr/bin/bash,success,pts/1,,,,,,,,,,,,,
2025-03-23T13:13:27.601232,1019,CRED_DISP,/usr/bin/bash,success,pts/1,,,,,,,,,,,,,
2025-03-23T08:37:04.600740,1019,USER_CMD,/usr/bin/bash,success,pts/1,,,,,,,,,,,,,
2025-03-24T02:33:55.601060,1019,USER_END,/usr/bin/bash,success,pts/1,,,,,,,,,,,,,
2025-03-23T12:28:03.597831,1005,SYSCALL_DENIED,mv,failed,,/usr/bin/cat,open,-13.0,/home/user,/home/user/.bashrc,150496.0,9977.0,,,,,,
2025-03-24T02:35:56.598358,1004,AVC_DENIED,cat,,,,,,,/bin/bash,164829.0,,sda1,unconfined_u:unconfined_r:unconfined_t:s0,system_u:object_r:shadow_t:s0,file,read,denied
2025-03-24T01:15:40.599297,1007,CRED_ACQ,/usr/bin/bash,success,pts/1,,,,,,,,,,,,,
2025-03-23T17:40:12.600776,1007,USER_LOGIN,/usr/bin/bash,success,pts/1,,,,,,,,,,,,,
2025-03-24T01:20:40.599710,1015,USER_LOGIN,/usr/bin/bash,success,pts/1,,,,,,,,,,,,,
2025-03-23T19:26:13.600641,1001,CRED_DISP,/usr/bin/bash,success,pts/1,,,,,,,,,,,,,
2025-03-24T08:37:11.600463,1009,USER_CMD,/usr/bin/bash,success,pts/1,,,,,,,,,,,,,
2025-03-23T09:05:53.596541,1006,SYSCALL_DENIED,mv,failed,,/usr/bin/vim,open,-13.0,/home/user,/etc/shadow,186143.0,1054.0,,,,,,
2025-03-23T21:04:59.600540,1018,USER_START,/usr/bin/bash,success,pts/1,,,,,,,,,,,,,
2025-03-23T10:19:08.597224,1004,AVC_DENIED,cat,,,,,,,/home/user/.ssh/id_rsa,135750.0,,sda1,unconfined_u:unconfined_r:unconfined_t:s0,system_u:object_r:shadow_t:s0,file,read,denied
2025-03-24T01:08:53.598890,1006,CRED_DISP,/usr/bin/bash,success,pts/1,,,,,,,,,,,,,
2025-03-24T00:40:49.597266,1015,AVC_DENIED,cp,,,,,,,/etc/ssh/sshd_config,185395.0,,sda1,unconfined_u:unconfined_r:unconfined_t:s0,system_u:object_r:shadow_t:s0,file,read,denied
2025-03-23T11:05:02.602383,1000,USER_CMD,/usr/bin/bash,success,pts/1,,,,,,,,,,,,,
2025-03-23T11:16:28.598238,1018,AVC_DENIED,less,,,,,,,/var/log/auth.log,103312.0,,sda1,unconfined_u:unconfined_r:unconfined_t:s0,system_u:object_r:shadow_t:s0,file,read,denied
2025-03-23T08:16:51.597452,1007,SYSCALL_DENIED,less,failed,,/usr/bin/nano,open,-13.0,/home/user,/usr/bin/wget,135263.0,4160.0,,,,,,
2025-03-23T21:31:56.600387,1013,USER_START,/usr/bin/bash,success,pts/1,,,,,,,,,,,,,
2025-03-24T01:05:27.601504,1004,CRED_DISP,/usr/bin/bash,success,pts/1,,,,,,,,,,,,,
2025-03-24T02:09:49.598705,1015,CRED_ACQ,/usr/bin/bash,success,pts/1,,,,,,,,,,,,,
2025-03-24T08:09:14.601553,1003,CRED_ACQ,/usr/bin/bash,success,pts/1,,,,,,,,,,,,,
2025-03-24T04:46:51.601463,1018,CRED_DISP,/usr/bin/bash,success,pts/1,,,,,,,,,,,,,
2025-03-24T05:55:47.601568,1000,USER_CMD,/usr/bin/bash,success,pts/1,,,,,,,,,,,,,
2025-03-24T10:50:07.599282,1010,USER_ACCT,/usr/bin/bash,success,pts/1,,,,,,,,,,,,,
2025-03-24T00:57:12.600281,1015,USER_END,/usr/bin/bash,success,pts/1,,,,,,,,,,,,,
2025-03-24T07:29:36.601080,1008,USER_LOGIN,/usr/bin/bash,success,pts/1,,,,,,,,,,,,,
2025-03-23T12:58:17.601390,1009,USER_CMD,/usr/bin/bash,success,pts/1,,,,,,,,,,,,,
2025-03-23T11:27:59.602368,1000,USER_CMD,/usr/bin/bash,success,pts/1,,,,,,,,,,,,,
2025-03-23T23:26:16.596178,1006,SYSCALL_DENIED,cat,failed,,/usr/bin/vim,open,-13.0,/home/user,/usr/bin/curl,106628.0,1213.0,,,,,,
2025-03-23T15:52:51.599841,1006,USER_ACCT,/usr/bin/bash,success,pts/1,,,,,,,,,,,,,
2025-03-23T18:42:51.598956,1000,USER_ACCT,/usr/bin/bash,success,pts/1,,,,,,,,,,,,,
2025-03-24T09:59:12.601246,1003,CRED_ACQ,/usr/bin/bash,success,pts/1,,,,,,,,,,,,,
2025-03-24T03:40:03.597720,1017,SYSCALL_DENIED,mv,failed,,/usr/bin/vim,open,-13.0,/home/user,/etc/hosts,108501.0,5068.0,,,,,,
2025-03-24T03:29:04.599646,1009,USER_START,/usr/bin/bash,success,pts/1,,,,,,,,,,,,,
2025-03-24T02:05:44.597097,1009,AVC_DENIED,mv,,,,,,,/root/.bash_history,164867.0,,sda1,unconfined_u:unconfined_r:unconfined_t:s0,system_u:object_r:shadow_t:s0,file,read,denied
2025-03-24T04:02:54.596837,1009,AVC_DENIED,mv,,,,,,,/home/user/.bashrc,191888.0,,sda1,unconfined_u:unconfined_r:unconfined_t:s0,system_u:object_r:shadow_t:s0,file,read,denied
2025-03-24T00:51:48.599462,1001,USER_START,/usr/bin/bash,success,pts/1,,,,,,,,,,,,,
2025-03-23T22:13:58.597463,1015,SYSCALL_DENIED,nano,failed,,/usr/bin/nano,open,-13.0,/home/user,/etc/shadow,105629.0,9404.0,,,,,,
2025-03-24T08:36:21.599081,1017,USER_START,/usr/bin/bash,success,pts/1,,,,,,,,,,,,,
2025-03-23T22:07:16.599426,1009,USER_END,/usr/bin/bash,success,pts/1,,,,,,,,,,,,,
2025-03-23T09:49:07.596100,1006,SYSCALL_DENIED,mv,failed,,/usr/bin/nano,open,-13.0,/home/user,/usr/bin/wget,172228.0,6544.0,,,,,,
2025-03-23T18:02:48.600135,1008,USER_ACCT,/usr/bin/bash,success,pts/1,,,,,,,,,,,,,
2025-03-24T00:38:48.600634,1010,USER_END,/usr/bin/bash,success,pts/1,,,,,,,,,,,,,
2025-03-24T03:17:10.599311,1009,USER_START,/usr/bin/bash,success,pts/1,,,,,,,,,,,,,
2025-03-23T17:29:03.602305,1016,USER_CMD,/usr/bin/bash,success,pts/1,,,,,,,,,,,,,
2025-03-24T07:53:37.601470,1006,CRED_DISP,/usr/bin/bash,success,pts/1,,,,,,,,,,,,,
2025-03-24T09:21:21.599088,1006,USER_LOGIN,/usr/bin/bash,success,pts/1,,,,,,,,,,,,,
2025-03-23T16:24:54.600011,1008,USER_START,/usr/bin/bash,success,pts/1,,,,,,,,,,,,,
2025-03-24T00:33:56.599618,1005,USER_LOGIN,/usr/bin/bash,success,pts/1,,,,,,,,,,,,,
2025-03-23T20:17:47.599575,1013,USER_CMD,/usr/bin/bash,success,pts/1,,,,,,,,,,,,,
2025-03-23T19:02:29.600863,1009,CRED_ACQ,/usr/bin/bash,success,pts/1,,,,,,,,,,,,,
2025-03-24T04:39:42.598934,1007,CRED_DISP,/usr/bin/bash,success,pts/1,,,,,,,,,,,,,
2025-03-23T21:27:47.601053,1017,USER_CMD,/usr/bin/bash,success,pts/1,,,,,,,,,,,,,
2025-03-24T00:49:33.598058,1009,SYSCALL_DENIED,cat,failed,,/usr/bin/nano,open,-13.0,/home/user,/etc/shadow,103407.0,2634.0,,,,,,
2025-03-23T16:01:16.602114,1009,CRED_ACQ,/usr/bin/bash,success,pts/1,,,,,,,,,,,,,
2025-03-23T15:42:40.600031,1005,USER_ACCT,/usr/bin/bash,success,pts/1,,,,,,,,,,,,,
2025-03-23T10:11:30.601609,1013,CRED_DISP,/usr/bin/bash,success,pts/1,,,,,,,,,,,,,
2025-03-23T09:36:16.599588,1014,USER_END,/usr/bin/bash,success,pts/1,,,,,,,,,,,,,
2025-03-23T13:10:52.599060,1013,USER_LOGIN,/usr/bin/bash,success,pts/1,,,,,,,,,,,,,
2025-03-23T12:27:06.601266,1014,USER_START,/usr/bin/bash,success,pts/1,,,,,,,,,,,,,
2025-03-23T18:48:16.596576,1012,AVC_DENIED,cp,,,,,,,/etc/crontab,160067.0,,sda1,unconfined_u:unconfined_r:unconfined_t:s0,system_u:object_r:shadow_t:s0,file,read,denied
2025-03-23T19:25:27.601547,1000,USER_CMD,/usr/bin/bash,success,pts/1,,,,,,,,,,,,,
2025-03-24T09:02:10.597195,1000,SYSCALL_DENIED,cat,failed,,/bin/cp,open,-13.0,/home/user,/usr/bin/curl,172077.0,8559.0,,,,,,
2025-03-24T11:06:28.599383,1003,USER_LOGIN,/usr/bin/bash,success,pts/1,,,,,,,,,,,,,
2025-03-23T14:10:12.598157,1011,AVC_DENIED,cp,,,,,,,/root/.ssh/authorized_keys,161960.0,,sda1,unconfined_u:unconfined_r:unconfined_t:s0,system_u:object_r:shadow_t:s0,file,read,denied
2025-03-24T09:03:51.596127,1006,AVC_DENIED,cat,,,,,,,/etc/rc.local,116422.0,,sda1,unconfined_u:unconfined_r:unconfined_t:s0,system_u:object_r:shadow_t:s0,file,read,denied
2025-03-24T02:14:31.601353,1001,USER_LOGIN,/usr/bin/bash,success,pts/1,,,,,,,,,,,,,
2025-03-24T07:02:01.598316,1006,SYSCALL_DENIED,less,failed,,/bin/mv,open,-13.0,/home/user,/home/user/.bashrc,124219.0,6055.0,,,,,,
2025-03-24T04:30:01.597309,1011,AVC_DENIED,mv,,,,,,,/root/.ssh/authorized_keys,196577.0,,sda1,unconfined_u:unconfined_r:unconfined_t:s0,system_u:object_r:shadow_t:s0,file,read,denied
2025-03-23T23:27:08.597940,1001,AVC_DENIED,mv,,,,,,,/var/log/syslog,145299.0,,sda1,unconfined_u:unconfined_r:unconfined_t:s0,system_u:object_r:shadow_t:s0,file,read,denied
2025-03-23T08:09:38.601653,1018,USER_ACCT,/usr/bin/bash,success,pts/1,,,,,,,,,,,,,
2025-03-23T11:04:53.598853,1007,USER_START,/usr/bin/bash,success,pts/1,,,,,,,,,,,,,
2025-03-24T04:19:42.596816,1010,AVC_DENIED,less,,,,,,,/etc/ssh/sshd_config,131556.0,,sda1,unconfined_u:unconfined_r:unconfined_t:s0,system_u:object_r:shadow_t:s0,file,read,denied
2025-03-24T09:22:09.601382,1009,CRED_ACQ,/usr/bin/bash,success,pts/1,,,,,,,,,,,,,
2025-03-23T10:57:43.599494,1015,USER_ACCT,/usr/bin/bash,success,pts/1,,,,,,,,,,,,,
2025-03-23T08:49:49.601589,1012,USER_ACCT,/usr/bin/bash,success,pts/1,,,,,,,,,,,,,
2025-03-23T19:22:40.600310,1002,CRED_ACQ,/usr/bin/bash,success,pts/1,,,,,,,,,,,,,
2025-03-23T22:49:46.596978,1012,AVC_DENIED,nano,,,,,,,/etc/hosts,142291.0,,sda1,unconfined_u:unconfined_r:unconfined_t:s0,system_u:object_r:shadow_t:s0,file,read,denied
2025-03-24T04:24:50.600402,1007,CRED_ACQ,/usr/bin/bash,success,pts/1,,,,,,,,,,,,,
2025-03-23T19:05:29.598686,1013,USER_ACCT,/usr/bin/bash,success,pts/1,,,,,,,,,,,,,
2025-03-24T10:55:36.601426,1002,USER_ACCT,/usr/bin/bash,success,pts/1,,,,,,,,,,,,,
2025-03-24T10:08:45.597354,1019,SYSCALL_DENIED,nano,failed,,/bin/mv,open,-13.0,/home/user,/etc/rc.local,100095.0,6435.0,,,,,,
2025-03-23T10:27:14.599938,1008,USER_CMD,/usr/bin/bash,success,pts/1,,,,,,,,,,,,,
2025-03-23T15:58:41.598205,1017,AVC_DENIED,nano,,,,,,,/var/log/auth.log,146740.0,,sda1,unconfined_u:unconfined_r:unconfined_t:s0,system_u:object_r:shadow_t:s0,file,read,denied
2025-03-24T05:59:56.598869,1000,USER_START,/usr/bin/bash,success,pts/1,,,,,,,,,,,,,
2025-03-24T01:46:23.599745,1005,USER_LOGIN,/usr/bin/bash,success,pts/1,,,,,,,,,,,,,
2025-03-24T10:50:01.598306,1013,AVC_DENIED,nano,,,,,,,/etc/crontab,120069.0,,sda1,unconfined_u:unconfined_r:unconfined_t:s0,system_u:object_r:shadow_t:s0,file,read,denied
2025-03-23T19:54:50.597559,1003,AVC_DENIED,cat,,,,,,,/etc/passwd,169587.0,,sda1,unconfined_u:unconfined_r:unconfined_t:s0,system_u:object_r:shadow_t:s0,file,read,denied
2025-03-23T15:14:04.601154,1009,USER_CMD,/usr/bin/bash,success,pts/1,,,,,,,,,,,,,
2025-03-24T03:33:15.600842,1014,USER_START,/usr/bin/bash,success,pts/1,,,,,,,,,,,,,
2025-03-23T08:08:29.596847,1003,AVC_DENIED,cat,,,,,,,/home/user/.ssh/id_rsa,181834.0,,sda1,unconfined_u:unconfined_r:unconfined_t:s0,system_u:object_r:shadow_t:s0,file,read,denied
2025-03-24T00:51:29.602284,1010,USER_END,/usr/bin/bash,success,pts/1,,,,,,,,,,,,,
2025-03-24T06:18:35.598388,1011,SYSCALL_DENIED,vim,failed,,/bin/mv,open,-13.0,/home/user,/etc/shadow,117102.0,6762.0,,,,,,
2025-03-23T14:05:21.598193,1010,AVC_DENIED,less,,,,,,,/etc/passwd,143423.0,,sda1,unconfined_u:unconfined_r:unconfined_t:s0,system_u:object_r:shadow_t:s0,file,read,denied
2025-03-24T03:39:21.600920,1009,USER_LOGIN,/usr/bin/bash,success,pts/1,,,,,,,,,,,,,
2025-03-23T10:58:47.597677,1017,AVC_DENIED,nano,,,,,,,/var/log/auth.log,121999.0,,sda1,unconfined_u:unconfined_r:unconfined_t:s0,system_u:object_r:shadow_t:s0,file,read,denied
2025-03-24T05:01:54.599038,1004,CRED_DISP,/usr/bin/bash,success,pts/1,,,,,,,,,,,,,
2025-03-23T20:51:04.598824,1005,USER_END,/usr/bin/bash,success,pts/1,,,,,,,,,,,,,
2025-03-23T08:11:14.602203,1004,USER_START,/usr/bin/bash,success,pts/1,,,,,,,,,,,,,
2025-03-23T20:23:59.597854,1018,AVC_DENIED,cat,,,,,,,/etc/hosts,195484.0,,sda1,unconfined_u:unconfined_r:unconfined_t:s0,system_u:object_r:shadow_t:s0,file,read,denied
2025-03-24T04:45:50.596766,1009,SYSCALL_DENIED,cp,failed,,/usr/bin/vim,open,-13.0,/home/user,/var/log/auth.log,195440.0,9015.0,,,,,,
2025-03-23T11:07:15.601491,1011,CRED_DISP,/usr/bin/bash,success,pts/1,,,,,,,,,,,,,
2025-03-24T03:08:59.600337,1014,USER_ACCT,/usr/bin/bash,success,pts/1,,,,,,,,,,,,,
2025-03-24T09:39:51.602397,1012,USER_START,/usr/bin/bash,success,pts/1,,,,,,,,,,,,,
2025-03-24T10:44:01.598845,1009,USER_LOGIN,/usr/bin/bash,success,pts/1,,,,,,,,,,,,,
2025-03-23T14:00:56.597972,1011,SYSCALL_DENIED,vim,failed,,/usr/bin/less,open,-13.0,/home/user,/etc/passwd,199668.0,1943.0,,,,,,
2025-03-24T10:43:47.597787,1004,AVC_DENIED,vim,,,,,,,/usr/bin/curl,107470.0,,sda1,unconfined_u:unconfined_r:unconfined_t:s0,system_u:object_r:shadow_t:s0,file,read,denied
2025-03-24T11:36:40.602225,1018,CRED_ACQ,/usr/bin/bash,success,pts/1,,,,,,,,,,,,,
2025-03-23T10:07:35.599319,1018,USER_START,/usr/bin/bash,success,pts/1,,,,,,,,,,,,,
2025-03-24T01:31:02.598337,1015,AVC_DENIED,less,,,,,,,/usr/bin/curl,109417.0,,sda1,unconfined_u:unconfined_r:unconfined_t:s0,system_u:object_r:shadow_t:s0,file,read,denied
2025-03-23T16:20:03.597549,1019,AVC_DENIED,less,,,,,,,/etc/crontab,160382.0,,sda1,unconfined_u:unconfined_r:unconfined_t:s0,system_u:object_r:shadow_t:s0,file,read,denied
2025-03-23T10:38:25.597569,1004,SYSCALL_DENIED,cp,failed,,/usr/bin/cat,open,-13.0,/home/user,/var/log/syslog,192094.0,5771.0,,,,,,
2025-03-24T02:43:36.596086,1011,SYSCALL_DENIED,mv,failed,,/usr/bin/cat,open,-13.0,/home/user,/home/user/.ssh/id_rsa,165790.0,6251.0,,,,,,
2025-03-23T15:55:25.601288,1009,USER_END,/usr/bin/bash,success,pts/1,,,,,,,,,,,,,
2025-03-23T08:33:13.596030,1007,SYSCALL_DENIED,cat,failed,,/usr/bin/vim,open,-13.0,/home/user,/usr/bin/wget,155554.0,4620.0,,,,,,
2025-03-24T04:52:43.599703,1014,CRED_ACQ,/usr/bin/bash,success,pts/1,,,,,,,,,,,,,
2025-03-24T10:38:50.596072,1007,SYSCALL_DENIED,cp,failed,,/usr/bin/less,open,-13.0,/home/user,/usr/bin/curl,134655.0,4583.0,,,,,,
2025-03-23T09:46:38.600054,1005,USER_END,/usr/bin/bash,success,pts/1,,,,,,,,,,,,,
2025-03-23T09:00:32.599002,1017,CRED_DISP,/usr/bin/bash,success,pts/1,,,,,,,,,,,,,
2025-03-23T12:46:44.596492,1007,SYSCALL_DENIED,cp,failed,,/usr/bin/less,open,-13.0,/home/user,/etc/shadow,153625.0,1896.0,,,,,,
2025-03-24T04:52:34.597234,1010,AVC_DENIED,vim,,,,,,,/var/log/syslog,108547.0,,sda1,unconfined_u:unconfined_r:unconfined_t:s0,system_u:object_r:shadow_t:s0,file,read,denied
2025-03-23T18:35:18.602332,1003,USER_END,/usr/bin/bash,success,pts/1,,,,,,,,,,,,,
2025-03-23T10:11:13.597387,1001,AVC_DENIED,vim,,,,,,,/etc/crontab,111373.0,,sda1,unconfined_u:unconfined_r:unconfined_t:s0,system_u:object_r:shadow_t:s0,file,read,denied
2025-03-23T12:11:59.602076,1017,USER_ACCT,/usr/bin/bash,success,pts/1,,,,,,,,,,,,,
2025-03-23T10:39:38.598942,1015,USER_LOGIN,/usr/bin/bash,success,pts/1,,,,,,,,,,,,,
2025-03-23T21:03:45.599146,1002,USER_END,/usr/bin/bash,success,pts/1,,,,,,,,,,,,,
2025-03-23T22:27:09.599738,1017,CRED_ACQ,/usr/bin/bash,success,pts/1,,,,,,,,,,,,,
2025-03-23T22:33:40.596967,1016,AVC_DENIED,vim,,,,,,,/etc/rc.local,120174.0,,sda1,unconfined_u:unconfined_r:unconfined_t:s0,system_u:object_r:shadow_t:s0,file,read,denied
2025-03-23T15:16:00.598421,1011,AVC_DENIED,cp,,,,,,,/usr/bin/wget,105703.0,,sda1,unconfined_u:unconfined_r:unconfined_t:s0,system_u:object_r:shadow_t:s0,file,read,denied
2025-03-23T21:28:42.601095,1009,USER_END,/usr/bin/bash,success,pts/1,,,,,,,,,,,,,
2025-03-24T10:38:47.599153,1009,USER_CMD,/usr/bin/bash,success,pts/1,,,,,,,,,,,,,
2025-03-23T19:46:16.601519,1018,USER_LOGIN,/usr/bin/bash,success,pts/1,,,,,,,,,,,,,
2025-03-24T06:22:31.599531,1017,USER_ACCT,/usr/bin/bash,success,pts/1,,,,,,,,,,,,,
2025-03-23T11:10:01.602062,1005,CRED_DISP,/usr/bin/bash,success,pts/1,,,,,,,,,,,,,
2025-03-23T19:45:12.597408,1003,SYSCALL_DENIED,less,failed,,/usr/bin/vim,open,-13.0,/home/user,/usr/bin/wget,135018.0,2617.0,,,,,,
2025-03-24T04:46:47.597654,1009,SYSCALL_DENIED,nano,failed,,/usr/bin/nano,open,-13.0,/home/user,/usr/bin/wget,184705.0,2086.0,,,,,,
2025-03-23T13:23:53.600491,1005,USER_START,/usr/bin/bash,success,pts/1,,,,,,,,,,,,,
2025-03-23T08:52:30.596946,1004,AVC_DENIED,less,,,,,,,/etc/ssh/sshd_config,137926.0,,sda1,unconfined_u:unconfined_r:unconfined_t:s0,system_u:object_r:shadow_t:s0,file,read,denied
2025-03-23T19:59:03.598779,1009,USER_CMD,/usr/bin/bash,success,pts/1,,,,,,,,,,,,,
2025-03-23T20:14:35.601575,1000,USER_CMD,/usr/bin/bash,success,pts/1,,,,,,,,,,,,,
2025-03-24T04:39:24.601540,1014,USER_LOGIN,/usr/bin/bash,success,pts/1,,,,,,,,,,,,,
2025-03-23T16:15:35.600662,1002,USER_END,/usr/bin/bash,success,pts/1,,,,,,,,,,,,,
2025-03-24T10:02:57.599074,1005,USER_LOGIN,/usr/bin/bash,success,pts/1,,,,,,,,,,,,,
2025-03-23T14:54:28.602091,1010,USER_LOGIN,/usr/bin/bash,success,pts/1,,,,,,,,,,,,,
2025-03-23T19:00:16.599945,1002,CRED_ACQ,/usr/bin/bash,success,pts/1,,,,,,,,,,,,,
2025-03-24T05:56:57.600024,1004,CRED_ACQ,/usr/bin/bash,success,pts/1,,,,,,,,,,,,,
2025-03-24T11:05:21.600223,1004,CRED_ACQ,/usr/bin/bash,success,pts/1,,,,,,,,,,,,,
2025-03-23T21:44:43.600178,1000,USER_END,/usr/bin/bash,success,pts/1,,,,,,,,,,,,,
2025-03-23T16:41:13.600068,1010,USER_END,/usr/bin/bash,success,pts/1,,,,,,,,,,,,,
2025-03-23T23:02:29.600561,1017,USER_LOGIN,/usr/bin/bash,success,pts/1,,,,,,,,,,,,,
2025-03-23T09:57:49.597527,1010,SYSCALL_DENIED,nano,failed,,/usr/bin/less,open,-13.0,/home/user,/root/.ssh/authorized_keys,155190.0,4539.0,,,,,,
2025-03-24T01:34:40.598123,1009,AVC_DENIED,mv,,,,,,,/home/user/.bashrc,132313.0,,sda1,unconfined_u:unconfined_r:unconfined_t:s0,system_u:object_r:shadow_t:s0,file,read,denied
2025-03-23T20:14:40.599887,1016,CRED_ACQ,/usr/bin/bash,success,pts/1,,,,,,,,,,,,,
2025-03-23T16:41:58.600046,1004,CRED_ACQ,/usr/bin/bash,success,pts/1,,,,,,,,,,,,,
2025-03-23T12:37:53.597441,1015,SYSCALL_DENIED,vim,failed,,/bin/cp,open,-13.0,/home/user,/etc/rc.local,180605.0,3137.0,,,,,,
2025-03-24T00:34:21.599872,1000,USER_CMD,/usr/bin/bash,success,pts/1,,,,,,,,,,,,,
2025-03-24T10:15:39.599775,1018,CRED_DISP,/usr/bin/bash,success,pts/1,,,,,,,,,,,,,
2025-03-23T18:23:47.600111,1015,USER_CMD,/usr/bin/bash,success,pts/1,,,,,,,,,,,,,
2025-03-23T15:49:39.596804,1005,SYSCALL_DENIED,cp,failed,,/usr/bin/nano,open,-13.0,/home/user,/usr/bin/wget,165677.0,1647.0,,,,,,
2025-03-23T19:01:36.598920,1000,USER_CMD,/usr/bin/bash,success,pts/1,,,,,,,,,,,,,
2025-03-24T00:53:12.597419,1002,AVC_DENIED,cp,,,,,,,/usr/bin/curl,116131.0,,sda1,unconfined_u:unconfined_r:unconfined_t:s0,system_u:object_r:shadow_t:s0,file,read,denied
2025-03-24T04:27:34.597688,1004,SYSCALL_DENIED,nano,failed,,/usr/bin/vim,open,-13.0,/home/user,/home/user/.bashrc,143177.0,3927.0,,,,,,
2025-03-23T14:51:42.598963,1014,USER_LOGIN,/usr/bin/bash,success,pts/1,,,,,,,,,,,,,
2025-03-23T21:12:52.600295,1017,USER_END,/usr/bin/bash,success,pts/1,,,,,,,,,,,,,
2025-03-23T21:44:11.601140,1005,USER_END,/usr/bin/bash,success,pts/1,,,,,,,,,,,,,
2025-03-23T20:36:06.596858,1010,SYSCALL_DENIED,less,failed,,/bin/cp,open,-13.0,/home/user,/usr/bin/curl,135902.0,6089.0,,,,,,
2025-03-24T05:35:05.600899,1001,USER_END,/usr/bin/bash,success,pts/1,,,,,,,,,,,,,
2025-03-24T11:36:38.598993,1012,USER_CMD,/usr/bin/bash,success,pts/1,,,,,,,,,,,,,
2025-03-24T10:43:47.599440,1010,USER_END,/usr/bin/bash,success,pts/1,,,,,,,,,,,,,
2025-03-24T01:42:54.599138,1009,CRED_ACQ,/usr/bin/bash,success,pts/1,,,,,,,,,,,,,
2025-03-24T02:01:44.599901,1009,USER_START,/usr/bin/bash,success,pts/1,,,,,,,,,,,,,
2025-03-23T23:40:55.600259,1017,USER_LOGIN,/usr/bin/bash,success,pts/1,,,,,,,,,,,,,
2025-03-23T21:16:23.601280,1009,USER_END,/usr/bin/bash,success,pts/1,,,,,,,,,,,,,
2025-03-23T11:01:02.600784,1007,USER_ACCT,/usr/bin/bash,success,pts/1,,,,,,,,,,,,,
2025-03-24T00:04:18.601595,1014,USER_END,/usr/bin/bash,success,pts/1,,,,,,,,,,,,,
2025-03-23T23:35:53.600082,1015,USER_ACCT,/usr/bin/bash,success,pts/1,,,,,,,,,,,,,
2025-03-24T05:05:26.599960,1002,USER_ACCT,/usr/bin/bash,success,pts/1,,,,,,,,,,,,,
2025-03-24T03:24:55.600097,1006,CRED_DISP,/usr/bin/bash,success,pts/1,,,,,,,,,,,,,
2025-03-23T08:27:45.599806,1005,USER_LOGIN,/usr/bin/bash,success,pts/1,,,,,,,,,,,,,
2025-03-23T22:56:45.595905,1002,AVC_DENIED,vim,,,,,,,/root/.ssh/authorized_keys,128146.0,,sda1,unconfined_u:unconfined_r:unconfined_t:s0,system_u:object_r:shadow_t:s0,file,read,denied
2025-03-24T04:16:40.599418,1011,USER_CMD,/usr/bin/bash,success,pts/1,,,,,,,,,,,,,
2025-03-24T05:07:00.598134,1017,AVC_DENIED,cat,,,,,,,/etc/ssh/sshd_config,182133.0,,sda1,unconfined_u:unconfined_r:unconfined_t:s0,system_u:object_r:shadow_t:s0,file,read,denied
2025-03-24T04:11:17.600164,1000,USER_END,/usr/bin/bash,success,pts/1,,,,,,,,,,,,,
2025-03-24T08:13:01.600533,1006,USER_ACCT,/usr/bin/bash,success,pts/1,,,,,,,,,,,,,
2025-03-23T11:39:43.601176,1012,CRED_DISP,/usr/bin/bash,success,pts/1,,,,,,,,,,,,,
2025-03-24T01:44:03.596505,1019,SYSCALL_DENIED,less,failed,,/usr/bin/vim,open,-13.0,/home/user,/usr/bin/curl,116269.0,1819.0,,,,,,
2025-03-23T09:26:39.599368,1013,USER_CMD,/usr/bin/bash,success,pts/1,,,,,,,,,,,,,
2025-03-23T13:35:54.597517,1017,AVC_DENIED,less,,,,,,,/etc/passwd,141052.0,,sda1,unconfined_u:unconfined_r:unconfined_t:s0,system_u:object_r:shadow_t:s0,file,read,denied
2025-03-24T01:40:30.600547,1013,USER_ACCT,/usr/bin/bash,success,pts/1,,,,,,,,,,,,,
2025-03-23T13:41:58.596565,1002,AVC_DENIED,cp,,,,,,,/etc/ssh/sshd_config,122697.0,,sda1,unconfined_u:unconfined_r:unconfined_t:s0,system_u:object_r:shadow_t:s0,file,read,denied
2025-03-23T18:02:04.600142,1006,USER_CMD,/usr/bin/bash,success,pts/1,,,,,,,,,,,,,
2025-03-24T06:43:43.597180,1005,AVC_DENIED,mv,,,,,,,/etc/crontab,180354.0,,sda1,unconfined_u:unconfined_r:unconfined_t:s0,system_u:object_r:shadow_t:s0,file,read,denied
2025-03-24T07:27:02.600431,1015,USER_START,/usr/bin/bash,success,pts/1,,,,,,,,,,,,,
2025-03-23T15:09:45.596518,1003,AVC_DENIED,vim,,,,,,,/etc/passwd,166613.0,,sda1,unconfined_u:unconfined_r:unconfined_t:s0,system_u:object_r:shadow_t:s0,file,read,denied
2025-03-23T13:42:57.601025,1007,USER_LOGIN,/usr/bin/bash,success,pts/1,,,,,,,,,,,,,
2025-03-23T22:21:07.599347,1013,USER_ACCT,/usr/bin/bash,success,pts/1,,,,,,,,,,,,,
2025-03-23T13:03:25.600424,1013,USER_LOGIN,/usr/bin/bash,success,pts/1,,,,,,,,,,,,,
2025-03-24T08:28:39.599681,1019,USER_LOGIN,/usr/bin/bash,success,pts/1,,,,,,,,,,,,,
2025-03-23T23:06:25.602165,1006,USER_LOGIN,/usr/bin/bash,success,pts/1,,,,,,,,,,,,,
2025-03-23T18:37:47.599376,1011,CRED_ACQ,/usr/bin/bash,success,pts/1,,,,,,,,,,,,,
2025-03-23T18:54:11.602181,1017,USER_START,/usr/bin/bash,success,pts/1,,,,,,,,,,,,,
2025-03-23T15:55:50.599865,1016,USER_ACCT,/usr/bin/bash,success,pts/1,,,,,,,,,,,,,
2025-03-23T16:49:57.598113,1006,SYSCALL_DENIED,cat,failed,,/usr/bin/vim,open,-13.0,/home/user,/home/user/.ssh/id_rsa,145609.0,9995.0,,,,,,
2025-03-24T04:51:17.598876,1019,USER_END,/usr/bin/bash,success,pts/1,,,,,,,,,,,,,
2025-03-23T23:34:10.599304,1010,USER_ACCT,/usr/bin/bash,success,pts/1,,,,,,,,,,,,,
2025-03-23T08:17:19.601646,1003,CRED_ACQ,/usr/bin/bash,success,pts/1,,,,,,,,,,,,,
2025-03-24T05:33:21.599217,1009,USER_START,/usr/bin/bash,success,pts/1,,,,,,,,,,,,,
2025-03-23T16:29:42.599502,1019,USER_START,/usr/bin/bash,success,pts/1,,,,,,,,,,,,,
2025-03-23T09:52:57.598327,1010,AVC_DENIED,mv,,,,,,,/bin/bash,124111.0,,sda1,unconfined_u:unconfined_r:unconfined_t:s0,system_u:object_r:shadow_t:s0,file,read,denied
2025-03-23T18:19:02.600691,1014,CRED_ACQ,/usr/bin/bash,success,pts/1,,,,,,,,,,,,,
2025-03-24T01:01:42.600877,1000,USER_END,/usr/bin/bash,success,pts/1,,,,,,,,,,,,,
2025-03-24T08:06:45.597842,1000,SYSCALL_DENIED,cat,failed,,/usr/bin/nano,open,-13.0,/home/user,/root/.ssh/authorized_keys,133735.0,8306.0,,,,,,
2025-03-23T18:09:48.596530,1013,AVC_DENIED,cp,,,,,,,/etc/passwd,163326.0,,sda1,unconfined_u:unconfined_r:unconfined_t:s0,system_u:object_r:shadow_t:s0,file,read,denied
2025-03-24T01:17:22.599102,1000,USER_LOGIN,/usr/bin/bash,success,pts/1,,,,,,,,,,,,,
2025-03-23T08:29:20.601003,1004,USER_LOGIN,/usr/bin/bash,success,pts/1,,,,,,,,,,,,,
2025-03-23T19:05:42.597743,1016,SYSCALL_DENIED,mv,failed,,/usr/bin/nano,open,-13.0,/home/user,/root/.bash_history,142789.0,8790.0,,,,,,
2025-03-23T20:57:57.600484,1016,CRED_ACQ,/usr/bin/bash,success,pts/1,,,,,,,,,,,,,
2025-03-24T02:01:47.601211,1003,USER_ACCT,/usr/bin/bash,success,pts/1,,,,,,,,,,,,,
2025-03-24T07:42:27.598754,1000,USER_END,/usr/bin/bash,success,pts/1,,,,,,,,,,,,,
2025-03-24T11:44:44.598729,1008,CRED_ACQ,/usr/bin/bash,success,pts/1,,,,,,,,,,,,,
2025-03-24T00:47:08.602210,1005,USER_CMD,/usr/bin/bash,success,pts/1,,,,,,,,,,,,,
2025-03-23T11:05:11.597138,1015,AVC_DENIED,less,,,,,,,/usr/bin/curl,132948.0,,sda1,unconfined_u:unconfined_r:unconfined_t:s0,system_u:object_r:shadow_t:s0,file,read,denied
2025-03-24T07:17:37.600185,1018,USER_START,/usr/bin/bash,success,pts/1,,,,,,,,,,,,,
2025-03-24T04:50:54.600519,1006,CRED_DISP,/usr/bin/bash,success,pts/1,,,,,,,,,,,,,
2025-03-23T08:05:30.597798,1013,AVC_DENIED,vim,,,,,,,/usr/bin/wget,197290.0,,sda1,unconfined_u:unconfined_r:unconfined_t:s0,system_u:object_r:shadow_t:s0,file,read,denied
2025-03-24T01:29:41.599455,1008,USER_END,/usr/bin/bash,success,pts/1,,,,,,,,,,,,,
2025-03-23T14:17:26.596692,1005,SYSCALL_DENIED,mv,failed,,/usr/bin/nano,open,-13.0,/home/user,/bin/bash,110552.0,2175.0,,,,,,
2025-03-23T15:36:51.598970,1001,CRED_DISP,/usr/bin/bash,success,pts/1,,,,,,,,,,,,,
2025-03-24T01:40:24.596880,1009,SYSCALL_DENIED,cp,failed,,/bin/mv,open,-13.0,/home/user,/etc/ssh/sshd_config,198539.0,7207.0,,,,,,
2025-03-23T23:05:47.596016,1019,AVC_DENIED,cat,,,,,,,/root/.bash_history,167264.0,,sda1,unconfined_u:unconfined_r:unconfined_t:s0,system_u:object_r:shadow_t:s0,file,read,denied
2025-03-23T16:19:45.599362,1016,USER_ACCT,/usr/bin/bash,success,pts/1,,,,,,,,,,,,,
2025-03-24T07:28:40.602136,1002,USER_CMD,/usr/bin/bash,success,pts/1,,,,,,,,,,,,,
2025-03-23T18:54:00.601204,1010,USER_START,/usr/bin/bash,success,pts/1,,,,,,,,,,,,,
2025-03-23T18:10:59.598905,1015,USER_LOGIN,/usr/bin/bash,success,pts/1,,,,,,,,,,,,,
2025-03-23T23:31:42.600805,1001,USER_LOGIN,/usr/bin/bash,success,pts/1,,,,,,,,,,,,,
2025-03-23T11:20:51.599030,1013,USER_CMD,/usr/bin/bash,success,pts/1,,,,,,,,,,,,,
2025-03-24T00:29:52.597397,1015,SYSCALL_DENIED,less,failed,,/usr/bin/less,open,-13.0,/home/user,/etc/rc.local,120287.0,6317.0,,,,,,
2025-03-23T18:40:17.596597,1008,SYSCALL_DENIED,less,failed,,/usr/bin/nano,open,-13.0,/home/user,/etc/rc.local,144797.0,7479.0,,,,,,
2025-03-24T02:24:17.601582,1010,USER_ACCT,/usr/bin/bash,success,pts/1,,,,,,,,,,,,,
2025-03-23T09:27:57.599447,1010,CRED_ACQ,/usr/bin/bash,success,pts/1,,,,,,,,,,,,,
2025-03-24T02:25:50.598977,1008,USER_END,/usr/bin/bash,success,pts/1,,,,,,,,,,,,,
2025-03-24T08:54:40.601017,1013,USER_CMD,/usr/bin/bash,success,pts/1,,,,,,,,,,,,,
2025-03-24T07:53:40.598897,1010,USER_END,/usr/bin/bash,success,pts/1,,,,,,,,,,,,,
2025-03-23T21:56:12.600989,1016,USER_END,/usr/bin/bash,success,pts/1,,,,,,,,,,,,,
2025-03-24T00:39:29.597994,1005,AVC_DENIED,vim,,,,,,,/etc/crontab,149918.0,,sda1,unconfined_u:unconfined_r:unconfined_t:s0,system_u:object_r:shadow_t:s0,file,read,denied
2025-03-24T07:46:25.597951,1016,SYSCALL_DENIED,mv,failed,,/usr/bin/vim,open,-13.0,/home/user,/usr/bin/wget,142915.0,1512.0,,,,,,
2025-03-24T08:13:58.602121,1011,USER_CMD,/usr/bin/bash,success,pts/1,,,,,,,,,,,,,
2025-03-23T23:17:48.600554,1006,USER_START,/usr/bin/bash,success,pts/1,,,,,,,,,,,,,
2025-03-24T03:42:11.596621,1015,AVC_DENIED,less,,,,,,,/usr/bin/curl,186691.0,,sda1,unconfined_u:unconfined_r:unconfined_t:s0,system_u:object_r:shadow_t:s0,file,read,denied
2025-03-23T12:39:24.597000,1005,AVC_DENIED,less,,,,,,,/bin/bash,127788.0,,sda1,unconfined_u:unconfined_r:unconfined_t:s0,system_u:object_r:shadow_t:s0,file,read,denied
2025-03-24T05:29:52.599975,1013,USER_START,/usr/bin/bash,success,pts/1,,,,,,,,,,,,,
2025-03-23T16:26:38.601273,1008,CRED_DISP,/usr/bin/bash,success,pts/1,,,,,,,,,,,,,
2025-03-24T08:14:11.600039,1007,USER_END,/usr/bin/bash,success,pts/1,,,,,,,,,,,,,
2025-03-23T12:16:42.598795,1019,USER_END,/usr/bin/bash,success,pts/1,,,,,,,,,,,,,
2025-03-23T23:28:38.602411,1011,CRED_ACQ,/usr/bin/bash,success,pts/1,,,,,,,,,,,,,
2025-03-23T13:28:15.601533,1011,USER_ACCT,/usr/bin/bash,success,pts/1,,,,,,,,,,,,,
2025-03-24T09:30:49.601512,1004,CRED_DISP,/usr/bin/bash,success,pts/1,,,,,,,,,,,,,
2025-03-23T18:25:51.601404,1019,CRED_ACQ,/usr/bin/bash,success,pts/1,,,,,,,,,,,,,
2025-03-23T22:29:28.597919,1002,AVC_DENIED,less,,,,,,,/usr/bin/wget,190682.0,,sda1,unconfined_u:unconfined_r:unconfined_t:s0,system_u:object_r:shadow_t:s0,file,read,denied
2025-03-24T05:57:40.598047,1015,SYSCALL_DENIED,vim,failed,,/bin/cp,open,-13.0,/home/user,/root/.ssh/authorized_keys,111432.0,6126.0,,,,,,
2025-03-24T03:47:40.601183,1019,USER_ACCT,/usr/bin/bash,success,pts/1,,,,,,,,,,,,,
2025-03-23T18:12:30.596988,1010,SYSCALL_DENIED,mv,failed,,/usr/bin/less,open,-13.0,/home/user,/usr/bin/wget,141915.0,1089.0,,,,,,
2025-03-24T10:03:19.602277,1013,USER_CMD,/usr/bin/bash,success,pts/1,,,,,,,,,,,,,
2025-03-23T10:27:38.598746,1014,USER_ACCT,/usr/bin/bash,success,pts/1,,,,,,,,,,,,,
2025-03-23T21:11:32.599067,1005,USER_END,/usr/bin/bash,success,pts/1,,,,,,,,,,,,,
2025-03-23T15:50:00.602069,1005,USER_LOGIN,/usr/bin/bash,success,pts/1,,,,,,,,,,,,,
2025-03-23T10:09:28.599798,1003,USER_START,/usr/bin/bash,success,pts/1,,,,,,,,,,,,,
2025-03-23T15:41:57.596869,1001,AVC_DENIED,cat,,,,,,,/etc/hosts,198984.0,,sda1,unconfined_u:unconfined_r:unconfined_t:s0,system_u:object_r:shadow_t:s0,file,read,denied
2025-03-24T07:33:00.600676,1015,USER_END,/usr/bin/bash,success,pts/1,,,,,,,,,,,,,
2025-03-23T21:35:34.602346,1016,USER_ACCT,/usr/bin/bash,success,pts/1,,,,,,,,,,,,,
2025-03-24T05:51:08.599053,1002,USER_LOGIN,/usr/bin/bash,success,pts/1,,,,,,,,,,,,,
2025-03-23T08:23:41.596586,1003,AVC_DENIED,nano,,,,,,,/bin/bash,106129.0,,sda1,unconfined_u:unconfined_r:unconfined_t:s0,system_u:object_r:shadow_t:s0,file,read,denied
2025-03-24T06:40:23.599433,1009,USER_LOGIN,/usr/bin/bash,success,pts/1,,,,,,,,,,,,,
2025-03-24T01:37:46.597117,1001,AVC_DENIED,less,,,,,,,/root/.bash_history,197451.0,,sda1,unconfined_u:unconfined_r:unconfined_t:s0,system_u:object_r:shadow_t:s0,file,read,denied
2025-03-23T11:30:46.599246,1003,CRED_DISP,/usr/bin/bash,success,pts/1,,,,,,,,,,,,,
2025-03-24T02:58:50.598862,1011,CRED_ACQ,/usr/bin/bash,success,pts/1,,,,,,,,,,,,,
2025-03-23T22:26:23.598026,1015,AVC_DENIED,less,,,,,,,/etc/sudoers,124905.0,,sda1,unconfined_u:unconfined_r:unconfined_t:s0,system_u:object_r:shadow_t:s0,file,read,denied
2025-03-23T13:16:26.601477,1016,USER_START,/usr/bin/bash,success,pts/1,,,,,,,,,,,,,
2025-03-23T08:08:34.599355,1014,USER_LOGIN,/usr/bin/bash,success,pts/1,,,,,,,,,,,,,
2025-03-23T13:59:59.597864,1001,AVC_DENIED,less,,,,,,,/root/.bash_history,136228.0,,sda1,unconfined_u:unconfined_r:unconfined_t:s0,system_u:object_r:shadow_t:s0,file,read,denied
2025-03-23T22:09:28.601456,1007,USER_CMD,/usr/bin/bash,success,pts/1,,,,,,,,,,,,,
2025-03-23T10:45:59.596166,1017,AVC_DENIED,vim,,,,,,,/etc/hosts,122362.0,,sda1,unconfined_u:unconfined_r:unconfined_t:s0,system_u:object_r:shadow_t:s0,file,read,denied
2025-03-23T17:11:03.599405,1016,USER_START,/usr/bin/bash,success,pts/1,,,,,,,,,,,,,
2025-03-23T16:48:58.599546,1007,USER_START,/usr/bin/bash,success,pts/1,,,,,,,,,,,,,
2025-03-23T13:19:20.601368,1014,USER_LOGIN,/usr/bin/bash,success,pts/1,,,,,,,,,,,,,
2025-03-24T00:20:19.600974,1002,USER_ACCT,/usr/bin/bash,success,pts/1,,,,,,,,,,,,,
2025-03-24T01:09:55.601317,1013,USER_START,/usr/bin/bash,success,pts/1,,,,,,,,,,,,,
2025-03-23T19:48:00.598838,1018,USER_CMD,/usr/bin/bash,success,pts/1,,,,,,,,,,,,,
2025-03-24T00:50:11.600754,1010,USER_START,/usr/bin/bash,success,pts/1,,,,,,,,,,,,,
2025-03-24T02:52:38.599045,1012,CRED_DISP,/usr/bin/bash,success,pts/1,,,,,,,,,,,,,
2025-03-24T02:08:10.600365,1010,USER_LOGIN,/usr/bin/bash,success,pts/1,,,,,,,,,,,,,
2025-03-24T09:49:55.600267,1019,USER_START,/usr/bin/bash,success,pts/1,,,,,,,,,,,,,
2025-03-24T03:11:57.599923,1006,USER_START,/usr/bin/bash,success,pts/1,,,,,,,,,,,,,
2025-03-23T10:27:26.599596,1005,USER_ACCT,/usr/bin/bash,success,pts/1,,,,,,,,,,,,,
2025-03-23T23:34:43.597930,1000,SYSCALL_DENIED,less,failed,,/usr/bin/nano,open,-13.0,/home/user,/etc/shadow,180502.0,1830.0,,,,,,
2025-03-24T07:40:29.600526,1013,CRED_DISP,/usr/bin/bash,success,pts/1,,,,,,,,,,,,,
2025-03-23T18:51:57.601111,1007,USER_LOGIN,/usr/bin/bash,success,pts/1,,,,,,,,,,,,,
2025-03-24T01:24:35.597075,1003,SYSCALL_DENIED,nano,failed,,/usr/bin/less,open,-13.0,/home/user,/etc/hosts,149701.0,2978.0,,,,,,
2025-03-24T01:54:20.602158,1003,USER_CMD,/usr/bin/bash,success,pts/1,,,,,,,,,,,,,
2025-03-23T20:42:24.601309,1002,USER_START,/usr/bin/bash,success,pts/1,,,,,,,,,,,,,
2025-03-23T10:50:49.601302,1019,CRED_ACQ,/usr/bin/bash,success,pts/1,,,,,,,,,,,,,
2025-03-24T01:05:57.596139,1002,SYSCALL_DENIED,cp,failed,,/usr/bin/vim,open,-13.0,/home/user,/home/user/.bashrc,106472.0,4610.0,,,,,,
2025-03-23T11:52:04.599333,1015,USER_LOGIN,/usr/bin/bash,success,pts/1,,,,,,,,,,,,,
2025-03-24T08:07:41.600617,1010,USER_LOGIN,/usr/bin/bash,success,pts/1,,,,,,,,,,,,,
2025-03-23T18:39:03.597506,1002,AVC_DENIED,nano,,,,,,,/etc/hosts,136651.0,,sda1,unconfined_u:unconfined_r:unconfined_t:s0,system_u:object_r:shadow_t:s0,file,read,denied
2025-03-24T03:54:55.600237,1011,USER_CMD,/usr/bin/bash,success,pts/1,,,,,,,,,,,,,
2025-03-23T08:21:31.600352,1009,USER_END,/usr/bin/bash,success,pts/1,,,,,,,,,,,,,
2025-03-23T23:50:56.595960,1014,SYSCALL_DENIED,cat,failed,,/usr/bin/cat,open,-13.0,/home/user,/usr/bin/wget,192320.0,3651.0,,,,,,
2025-03-24T06:01:04.599982,1016,USER_CMD,/usr/bin/bash,success,pts/1,,,,,,,,,,,,,
2025-03-23T13:01:30.601162,1015,USER_CMD,/usr/bin/bash,success,pts/1,,,,,,,,,,,,,
2025-03-23T13:03:47.602106,1007,USER_CMD,/usr/bin/bash,success,pts/1,,,,,,,,,,,,,
2025-03-24T03:09:39.600171,1017,USER_LOGIN,/usr/bin/bash,success,pts/1,,,,,,,,,,,,,
2025-03-23T19:46:17.600996,1013,CRED_ACQ,/usr/bin/bash,success,pts/1,,,,,,,,,,,,,
2025-03-24T08:36:04.598348,1002,AVC_DENIED,cat,,,,,,,/etc/passwd,111562.0,,sda1,unconfined_u:unconfined_r:unconfined_t:s0,system_u:object_r:shadow_t:s0,file,read,denied
2025-03-24T03:37:25.596777,1007,SYSCALL_DENIED,vim,failed,,/bin/mv,open,-13.0,/home/user,/home/user/.ssh/id_rsa,124517.0,8103.0,,,,,,
2025-03-23T16:11:38.600849,1011,USER_END,/usr/bin/bash,success,pts/1,,,,,,,,,,,,,
2025-03-24T04:13:27.602151,1019,USER_LOGIN,/usr/bin/bash,success,pts/1,,,,,,,,,,,,,
2025-03-24T09:40:44.599689,1004,USER_LOGIN,/usr/bin/bash,success,pts/1,,,,,,,,,,,,,
2025-03-24T10:08:35.600409,1012,USER_ACCT,/usr/bin/bash,success,pts/1,,,,,,,,,,,,,
2025-03-24T09:33:32.602418,1005,CRED_DISP,/usr/bin/bash,success,pts/1,,,,,,,,,,,,,
2025-03-23T08:26:17.597149,1010,SYSCALL_DENIED,less,failed,,/bin/cp,open,-13.0,/home/user,/etc/crontab,101478.0,5344.0,,,,,,
2025-03-23T12:50:20.599480,1014,USER_CMD,/usr/bin/bash,success,pts/1,,,,,,,,,,,,,
2025-03-23T21:50:30.599009,1015,USER_START,/usr/bin/bash,success,pts/1,,,,,,,,,,,,,
2025-03-23T14:54:32.600251,1012,USER_START,/usr/bin/bash,success,pts/1,,,,,,,,,,,,,
2025-03-23T12:08:39.599224,1012,USER_END,/usr/bin/bash,success,pts/1,,,,,,,,,,,,,
2025-03-23T22:30:40.599653,1001,USER_START,/usr/bin/bash,success,pts/1,,,,,,,,,,,,,
2025-03-23T23:51:52.596725,1017,SYSCALL_DENIED,cp,failed,,/bin/mv,open,-13.0,/home/user,/home/user/.bashrc,183714.0,5717.0,,,,,,
2025-03-23T08:41:17.600856,1004,USER_CMD,/usr/bin/bash,success,pts/1,,,,,,,,,,,,,
2025-03-23T19:35:02.600498,1012,CRED_ACQ,/usr/bin/bash,success,pts/1,,,,,,,,,,,,,
2025-03-24T07:39:02.600769,1005,USER_END,/usr/bin/bash,success,pts/1,,,,,,,,,,,,,
2025-03-23T12:18:56.597021,1014,AVC_DENIED,nano,,,,,,,/usr/bin/curl,149886.0,,sda1,unconfined_u:unconfined_r:unconfined_t:s0,system_u:object_r:shadow_t:s0,file,read,denied
2025-03-24T00:13:52.599567,1005,USER_LOGIN,/usr/bin/bash,success,pts/1,,,,,,,,,,,,,
2025-03-23T21:25:46.601331,1019,USER_ACCT,/usr/bin/bash,success,pts/1,,,,,,,,,,,,,
2025-03-23T09:08:09.596681,1011,AVC_DENIED,less,,,,,,,/root/.ssh/authorized_keys,147451.0,,sda1,unconfined_u:unconfined_r:unconfined_t:s0,system_u:object_r:shadow_t:s0,file,read,denied
2025-03-23T16:34:52.601632,1015,CRED_DISP,/usr/bin/bash,success,pts/1,,,,,,,,,,,,,
2025-03-24T00:18:27.600960,1002,CRED_DISP,/usr/bin/bash,success,pts/1,,,,,,,,,,,,,
2025-03-24T00:22:56.599582,1004,USER_ACCT,/usr/bin/bash,success,pts/1,,,,,,,,,,,,,
2025-03-23T08:40:22.598037,1012,SYSCALL_DENIED,cat,failed,,/usr/bin/vim,open,-13.0,/home/user,/etc/ssh/sshd_config,155706.0,5647.0,,,,,,
2025-03-24T07:23:32.600705,1016,CRED_ACQ,/usr/bin/bash,success,pts/1,,,,,,,,,,,,,
2025-03-24T08:32:50.599095,1017,USER_LOGIN,/usr/bin/bash,success,pts/1,,,,,,,,,,,,,
2025-03-24T09:42:11.599131,1006,USER_LOGIN,/usr/bin/bash,success,pts/1,,,,,,,,,,,,,
2025-03-23T19:15:29.596715,1013,SYSCALL_DENIED,cp,failed,,/bin/mv,open,-13.0,/home/user,/root/.bash_history,171491.0,8086.0,,,,,,
2025-03-23T19:53:01.601132,1018,CRED_DISP,/usr/bin/bash,success,pts/1,,,,,,,,,,,,,
2025-03-24T06:39:46.601118,1015,USER_CMD,/usr/bin/bash,success,pts/1,,,,,,,,,,,,,
2025-03-24T04:12:30.601375,1004,USER_END,/usr/bin/bash,success,pts/1,,,,,,,,,,,,,
2025-03-23T22:30:35.596704,1009,AVC_DENIED,nano,,,,,,,/etc/rc.local,196907.0,,sda1,unconfined_u:unconfined_r:unconfined_t:s0,system_u:object_r:shadow_t:s0,file,read,denied
2025-03-23T13:03:21.600698,1013,CRED_DISP,/usr/bin/bash,success,pts/1,,,,,,,,,,,,,
2025-03-24T03:15:31.598802,1012,CRED_DISP,/usr/bin/bash,success,pts/1,,,,,,,,,,,,,
2025-03-24T06:43:28.599931,1012,CRED_DISP,/usr/bin/bash,success,pts/1,,,,,,,,,,,,,
2025-03-24T05:52:07.600648,1002,USER_END,/usr/bin/bash,success,pts/1,,,,,,,,,,,,,
2025-03-24T07:13:14.597580,1013,AVC_DENIED,less,,,,,,,/etc/shadow,189931.0,,sda1,unconfined_u:unconfined_r:unconfined_t:s0,system_u:object_r:shadow_t:s0,file,read,denied
2025-03-24T07:20:31.601032,1010,USER_START,/usr/bin/bash,success,pts/1,,,,,,,,,,,,,
2025-03-23T09:09:41.598927,1017,USER_START,/usr/bin/bash,success,pts/1,,,,,,,,,,,,,
2025-03-24T01:29:12.599016,1012,USER_START,/usr/bin/bash,success,pts/1,,,,,,,,,,,,,
2025-03-24T04:51:41.597591,1014,SYSCALL_DENIED,nano,failed,,/bin/mv,open,-13.0,/home/user,/etc/sudoers,120721.0,6063.0,,,,,,
2025-03-24T10:57:24.599967,1000,CRED_DISP,/usr/bin/bash,success,pts/1,,,,,,,,,,,,,
2025-03-23T15:07:55.601618,1008,USER_ACCT,/usr/bin/bash,success,pts/1,,,,,,,,,,,,,
2025-03-24T11:21:54.597612,1007,AVC_DENIED,vim,,,,,,,/var/log/syslog,119168.0,,sda1,unconfined_u:unconfined_r:unconfined_t:s0,system_u:object_r:shadow_t:s0,file,read,denied
2025-03-23T13:56:23.597206,1001,AVC_DENIED,cp,,,,,,,/root/.bash_history,137482.0,,sda1,unconfined_u:unconfined_r:unconfined_t:s0,system_u:object_r:shadow_t:s0,file,read,denied
2025-03-24T07:37:53.600953,1008,USER_END,/usr/bin/bash,success,pts/1,,,,,,,,,,,,,
2025-03-24T07:33:39.600446,1015,USER_END,/usr/bin/bash,success,pts/1,,,,,,,,,,,,,
2025-03-24T08:50:52.599274,1005,CRED_DISP,/usr/bin/bash,success,pts/1,,,,,,,,,,,,,
2025-03-23T18:48:15.597644,1007,AVC_DENIED,mv,,,,,,,/home/user/.bashrc,157467.0,,sda1,unconfined_u:unconfined_r:unconfined_t:s0,system_u:object_r:shadow_t:s0,file,read,denied
2025-03-24T07:27:12.598102,1012,SYSCALL_DENIED,mv,failed,,/usr/bin/less,open,-13.0,/home/user,/etc/rc.local,126611.0,8658.0,,,,,,
2025-03-24T09:50:06.599397,1002,CRED_DISP,/usr/bin/bash,success,pts/1,,,,,,,,,,,,,
2025-03-24T07:23:09.601397,1005,CRED_DISP,/usr/bin/bash,success,pts/1,,,,,,,,,,,,,
2025-03-24T02:05:00.600927,1010,USER_CMD,/usr/bin/bash,success,pts/1,,,,,,,,,,,,,
2025-03-23T23:47:38.599820,1016,CRED_ACQ,/usr/bin/bash,success,pts/1,,,,,,,,,,,,,
2025-03-24T02:43:31.596152,1011,SYSCALL_DENIED,less,failed,,/bin/cp,open,-13.0,/home/user,/var/log/auth.log,186544.0,6776.0,,,,,,
2025-03-23T15:58:12.596891,1019,AVC_DENIED,vim,,,,,,,/usr/bin/curl,107048.0,,sda1,unconfined_u:unconfined_r:unconfined_t:s0,system_u:object_r:shadow_t:s0,file,read,denied
2025-03-23T12:00:00.601103,1000,CRED_DISP,/usr/bin/bash,success,pts/1,,,,,,,,,,,,,
2025-03-24T05:02:33.602311,1015,USER_LOGIN,/usr/bin/bash,success,pts/1,,,,,,,,,,,,,
2025-03-24T04:59:41.599953,1014,USER_START,/usr/bin/bash,success,pts/1,,,,,,,,,,,,,
2025-03-24T04:04:07.601411,1003,CRED_DISP,/usr/bin/bash,success,pts/1,,,,,,,,,,,,,
2025-03-24T09:54:54.597127,1008,AVC_DENIED,less,,,,,,,/usr/bin/wget,199074.0,,sda1,unconfined_u:unconfined_r:unconfined_t:s0,system_u:object_r:shadow_t:s0,file,read,denied
2025-03-23T10:46:54.598737,1012,CRED_ACQ,/usr/bin/bash,success,pts/1,,,,,,,,,,,,,
2025-03-24T05:39:54.599717,1015,USER_LOGIN,/usr/bin/bash,success,pts/1,,,,,,,,,,,,,
2025-03-24T01:40:36.599167,1019,CRED_DISP,/usr/bin/bash,success,pts/1,,,,,,,,,,,,,
2025-03-24T10:12:38.595943,1003,SYSCALL_DENIED,vim,failed,,/usr/bin/less,open,-13.0,/home/user,/bin/bash,173568.0,2214.0,,,,,,
2025-03-23T13:10:47.600870,1003,USER_START,/usr/bin/bash,success,pts/1,,,,,,,,,,,,,
2025-03-23T10:51:27.599625,1000,USER_START,/usr/bin/bash,success,pts/1,,,,,,,,,,,,,
2025-03-23T23:58:09.599660,1004,USER_ACCT,/usr/bin/bash,success,pts/1,,,,,,,,,,,,,
2025-03-24T09:01:37.599639,1015,USER_LOGIN,/usr/bin/bash,success,pts/1,,,,,,,,,,,,,
2025-03-24T10:27:01.598378,1010,AVC_DENIED,cp,,,,,,,/etc/passwd,150234.0,,sda1,unconfined_u:unconfined_r:unconfined_t:s0,system_u:object_r:shadow_t:s0,file,read,denied
2025-03-24T08:59:49.600505,1019,USER_LOGIN,/usr/bin/bash,success,pts/1,,,,,,,,,,,,,
2025-03-23T13:19:58.600075,1004,USER_ACCT,/usr/bin/bash,success,pts/1,,,,,,,,,,,,,
2025-03-23T17:18:23.601441,1019,USER_LOGIN,/usr/bin/bash,success,pts/1,,,,,,,,,,,,,
2025-03-24T06:50:44.600118,1002,USER_LOGIN,/usr/bin/bash,success,pts/1,,,,,,,,,,,,,
2025-03-23T17:38:39.600733,1011,USER_CMD,/usr/bin/bash,success,pts/1,,,,,,,,,,,,,
2025-03-23T23:25:20.599238,1018,USER_END,/usr/bin/bash,success,pts/1,,,,,,,,,,,,,
2025-03-23T10:02:27.597215,1005,AVC_DENIED,less,,,,,,,/etc/sudoers,114555.0,,sda1,unconfined_u:unconfined_r:unconfined_t:s0,system_u:object_r:shadow_t:s0,file,read,denied
2025-03-24T10:47:16.599760,1006,CRED_ACQ,/usr/bin/bash,success,pts/1,,,,,,,,,,,,,
2025-03-23T15:55:06.600061,1019,CRED_DISP,/usr/bin/bash,success,pts/1,,,,,,,,,,,,,
2025-03-23T13:41:46.601190,1016,USER_ACCT,/usr/bin/bash,success,pts/1,,,,,,,,,,,,,
2025-03-24T03:49:23.602050,1012,USER_ACCT,/usr/bin/bash,success,pts/1,,,,,,,,,,,,,
2025-03-24T07:55:27.599696,1016,CRED_DISP,/usr/bin/bash,success,pts/1,,,,,,,,,,,,,
2025-03-23T21:16:19.599539,1015,USER_END,/usr/bin/bash,success,pts/1,,,,,,,,,,,,,
2025-03-23T09:57:55.597160,1011,AVC_DENIED,vim,,,,,,,/root/.ssh/authorized_keys,170534.0,,sda1,unconfined_u:unconfined_r:unconfined_t:s0,system_u:object_r:shadow_t:s0,file,read,denied
2025-03-23T17:24:08.600761,1016,USER_ACCT,/usr/bin/bash,success,pts/1,,,,,,,,,,,,,
2025-03-24T05:25:17.595975,1002,AVC_DENIED,vim,,,,,,,/etc/crontab,167402.0,,sda1,unconfined_u:unconfined_r:unconfined_t:s0,system_u:object_r:shadow_t:s0,file,read,denied
2025-03-23T20:19:33.600885,1009,USER_ACCT,/usr/bin/bash,success,pts/1,,,,,,,,,,,,,
2025-03-23T21:00:37.597065,1016,SYSCALL_DENIED,less,failed,,/bin/cp,open,-13.0,/home/user,/var/log/syslog,136162.0,5164.0,,,,,,
2025-03-24T06:48:59.598400,1010,AVC_DENIED,cp,,,,,,,/etc/shadow,141293.0,,sda1,unconfined_u:unconfined_r:unconfined_t:s0,system_u:object_r:shadow_t:s0,file,read,denied
2025-03-23T21:19:06.598986,1008,USER_START,/usr/bin/bash,success,pts/1,,,,,,,,,,,,,
2025-03-23T23:32:26.599827,1015,USER_ACCT,/usr/bin/bash,success,pts/1,,,,,,,,,,,,,
2025-03-24T10:40:20.597474,1008,SYSCALL_DENIED,vim,failed,,/bin/mv,open,-13.0,/home/user,/root/.ssh/authorized_keys,197871.0,2373.0,,,,,,
2025-03-24T09:12:36.600344,1015,USER_ACCT,/usr/bin/bash,success,pts/1,,,,,,,,,,,,,
2025-03-23T09:53:31.599724,1003,CRED_ACQ,/usr/bin/bash,success,pts/1,,,,,,,,,,,,,
2025-03-24T09:10:14.598081,1019,AVC_DENIED,cp,,,,,,,/etc/crontab,176557.0,,sda1,unconfined_u:unconfined_r:unconfined_t:s0,system_u:object_r:shadow_t:s0,file,read,denied
2025-03-24T06:21:33.599767,1016,USER_END,/usr/bin/bash,success,pts/1,,,,,,,,,,,,,
2025-03-23T21:07:55.598786,1006,CRED_DISP,/usr/bin/bash,success,pts/1,,,,,,,,,,,,,
2025-03-23T16:58:44.600568,1011,USER_START,/usr/bin/bash,success,pts/1,,,,,,,,,,,,,
2025-03-23T15:51:56.601225,1018,CRED_ACQ,/usr/bin/bash,success,pts/1,,,,,,,,,,,,,
2025-03-24T01:39:15.599289,1001,CRED_DISP,/usr/bin/bash,success,pts/1,,,,,,,,,,,,,
2025-03-23T16:38:17.600439,1016,USER_LOGIN,/usr/bin/bash,success,pts/1,,,,,,,,,,,,,
2025-03-23T10:07:58.599894,1001,USER_END,/usr/bin/bash,success,pts/1,,,,,,,,,,,,,
2025-03-23T19:37:40.598282,1004,SYSCALL_DENIED,cp,failed,,/bin/mv,open,-13.0,/home/user,/etc/sudoers,104949.0,1488.0,,,,,,
2025-03-23T23:32:39.596003,1013,SYSCALL_DENIED,cat,failed,,/usr/bin/cat,open,-13.0,/home/user,/usr/bin/curl,109953.0,3548.0,,,,,,
2025-03-23T22:35:36.599174,1009,USER_END,/usr/bin/bash,success,pts/1,,,,,,,,,,,,,
2025-03-23T21:36:26.600655,1016,CRED_DISP,/usr/bin/bash,success,pts/1,,,,,,,,,,,,,
2025-03-24T05:05:26.599916,1019,CRED_ACQ,/usr/bin/bash,success,pts/1,,,,,,,,,,,,,
2025-03-24T04:02:52.599524,1006,USER_START,/usr/bin/bash,success,pts/1,,,,,,,,,,,,,
2025-03-24T08:02:17.600358,1005,CRED_ACQ,/usr/bin/bash,success,pts/1,,,,,,,,,,,,,
2025-03-24T08:58:22.601046,1007,CRED_ACQ,/usr/bin/bash,success,pts/1,,,,,,,,,,,,,
2025-03-23T15:38:30.602233,1011,CRED_ACQ,/usr/bin/bash,success,pts/1,,,,,,,,,,,,,
2025-03-23T12:11:14.599632,1008,CRED_DISP,/usr/bin/bash,success,pts/1,,,,,,,,,,,,,
2025-03-24T09:02:34.600199,1017,USER_END,/usr/bin/bash,success,pts/1,,,,,,,,,,,,,
2025-03-24T09:00:28.602361,1006,USER_START,/usr/bin/bash,success,pts/1,,,,,,,,,,,,,
2025-03-24T09:55:18.599340,1005,CRED_ACQ,/usr/bin/bash,success,pts/1,,,,,,,,,,,,,
2025-03-24T09:32:08.602291,1017,USER_START,/usr/bin/bash,success,pts/1,,,,,,,,,,,,,
2025-03-23T14:27:03.597277,1008,AVC_DENIED,nano,,,,,,,/etc/rc.local,153716.0,,sda1,unconfined_u:unconfined_r:unconfined_t:s0,system_u:object_r:shadow_t:s0,file,read,denied
2025-03-23T11:57:07.600684,1013,CRED_DISP,/usr/bin/bash,success,pts/1,,,,,,,,,,,,,
2025-03-24T08:11:15.600372,1010,USER_ACCT,/usr/bin/bash,success,pts/1,,,,,,,,,,,,,
2025-03-24T03:33:30.601087,1007,USER_LOGIN,/usr/bin/bash,success,pts/1,,,,,,,,,,,,,
2025-03-24T06:04:34.600090,1002,CRED_ACQ,/usr/bin/bash,success,pts/1,,,,,,,,,,,,,
2025-03-23T22:24:13.599553,1006,USER_END,/usr/bin/bash,success,pts/1,,,,,,,,,,,,,
2025-03-23T20:08:49.600582,1003,USER_END,/usr/bin/bash,success,pts/1,,,,,,,,,,,,,
2025-03-24T05:07:53.601484,1002,USER_CMD,/usr/bin/bash,success,pts/1,,,,,,,,,,,,,
2025-03-23T10:37:43.599109,1012,USER_END,/usr/bin/bash,success,pts/1,,,,,,,,,,,,,
2025-03-23T22:15:50.600230,1003,USER_START,/usr/bin/bash,success,pts/1,,,,,,,,,,,,,
2025-03-23T15:46:14.602084,1015,CRED_DISP,/usr/bin/bash,success,pts/1,,,,,,,,,,,,,
2025-03-24T08:52:15.600747,1007,USER_ACCT,/usr/bin/bash,success,pts/1,,,,,,,,,,,,,
2025-03-24T09:45:18.600317,1012,USER_START,/usr/bin/bash,success,pts/1,,,,,,,,,,,,,
2025-03-23T21:12:12.598249,1009,SYSCALL_DENIED,cp,failed,,/usr/bin/nano,open,-13.0,/home/user,/etc/hosts,149282.0,8402.0,,,,,,
2025-03-23T13:18:09.597666,1013,AVC_DENIED,vim,,,,,,,/root/.bash_history,179664.0,,sda1,unconfined_u:unconfined_r:unconfined_t:s0,system_u:object_r:shadow_t:s0,file,read,denied
2025-03-23T21:24:18.597107,1007,AVC_DENIED,less,,,,,,,/bin/bash,168729.0,,sda1,unconfined_u:unconfined_r:unconfined_t:s0,system_u:object_r:shadow_t:s0,file,read,denied
2025-03-24T06:11:12.598005,1011,AVC_DENIED,cat,,,,,,,/root/.ssh/authorized_keys,125721.0,,sda1,unconfined_u:unconfined_r:unconfined_t:s0,system_u:object_r:shadow_t:s0,file,read,denied
2025-03-24T00:47:45.597486,1018,SYSCALL_DENIED,nano,failed,,/bin/cp,open,-13.0,/home/user,/etc/sudoers,176519.0,7068.0,,,,,,
2025-03-24T06:28:51.600004,1002,USER_START,/usr/bin/bash,success,pts/1,,,,,,,,,,,,,
2025-03-24T03:05:14.598831,1006,CRED_ACQ,/usr/bin/bash,success,pts/1,,,,,,,,,,,,,
2025-03-24T01:43:07.599390,1005,USER_START,/usr/bin/bash,success,pts/1,,,,,,,,,,,,,
2025-03-24T11:32:06.602189,1001,USER_CMD,/usr/bin/bash,success,pts/1,,,,,,,,,,,,,
2025-03-24T11:40:35.600791,1007,CRED_DISP,/usr/bin/bash,success,pts/1,,,,,,,,,,,,,
2025-03-24T11:01:05.599731,1009,USER_LOGIN,/usr/bin/bash,success,pts/1,,,,,,,,,,,,,
2025-03-23T20:21:06.599188,1014,USER_LOGIN,/usr/bin/bash,success,pts/1,,,,,,,,,,,,,
2025-03-24T03:38:40.599268,1004,CRED_ACQ,/usr/bin/bash,success,pts/1,,,,,,,,,,,,,
2025-03-23T08:13:50.598949,1003,CRED_DISP,/usr/bin/bash,success,pts/1,,,,,,,,,,,,,
2025-03-24T10:14:20.600127,1001,USER_END,/usr/bin/bash,success,pts/1,,,,,,,,,,,,,
2025-03-23T12:10:52.597011,1004,AVC_DENIED,vim,,,,,,,/etc/shadow,187040.0,,sda1,unconfined_u:unconfined_r:unconfined_t:s0,system_u:object_r:shadow_t:s0,file,read,denied
2025-03-23T10:52:57.600215,1012,USER_LOGIN,/usr/bin/bash,success,pts/1,,,,,,,,,,,,,
2025-03-24T00:38:28.596670,1016,SYSCALL_DENIED,cat,failed,,/bin/mv,open,-13.0,/home/user,/root/.bash_history,139338.0,9148.0,,,,,,
2025-03-24T02:05:42.599880,1018,USER_END,/usr/bin/bash,success,pts/1,,,,,,,,,,,,,
2025-03-24T07:11:35.597623,1001,AVC_DENIED,less,,,,,,,/root/.ssh/authorized_keys,171530.0,,sda1,unconfined_u:unconfined_r:unconfined_t:s0,system_u:object_r:shadow_t:s0,file,read,denied
2025-03-23T09:39:31.599848,1010,CRED_DISP,/usr/bin/bash,success,pts/1,,,,,,,,,,,,,
2025-03-24T11:21:36.600207,1009,USER_LOGIN,/usr/bin/bash,success,pts/1,,,,,,,,,,,,,
2025-03-24T02:05:07.601639,1002,CRED_ACQ,/usr/bin/bash,success,pts/1,,,,,,,,,,,,,
2025-03-23T15:58:52.597170,1010,AVC_DENIED,vim,,,,,,,/var/log/syslog,173604.0,,sda1,unconfined_u:unconfined_r:unconfined_t:s0,system_u:object_r:shadow_t:s0,file,read,denied
2025-03-24T03:13:07.597820,1004,AVC_DENIED,mv,,,,,,,/var/log/auth.log,194482.0,,sda1,unconfined_u:unconfined_r:unconfined_t:s0,system_u:object_r:shadow_t:s0,file,read,denied
2025-03-23T23:03:26.600981,1007,USER_ACCT,/usr/bin/bash,success,pts/1,,,,,,,,,,,,,
2025-03-24T01:19:36.596461,1006,SYSCALL_DENIED,cp,failed,,/usr/bin/vim,open,-13.0,/home/user,/usr/bin/wget,144453.0,4937.0,,,,,,
2025-03-23T22:32:08.598721,1017,CRED_ACQ,/usr/bin/bash,success,pts/1,,,,,,,,,,,,,
2025-03-24T02:13:21.600156,1003,USER_ACCT,/usr/bin/bash,success,pts/1,,,,,,,,,,,,,
2025-03-24T10:16:55.601418,1012,USER_CMD,/usr/bin/bash,success,pts/1,,,,,,,,,,,,,
2025-03-23T13:19:06.598271,1008,SYSCALL_DENIED,mv,failed,,/usr/bin/less,open,-13.0,/home/user,/etc/crontab,146310.0,5739.0,,,,,,
2025-03-23T10:32:39.602390,1003,USER_ACCT,/usr/bin/bash,success,pts/1,,,,,,,,,,,,,
2025-03-23T13:36:18.599202,1017,USER_ACCT,/usr/bin/bash,success,pts/1,,,,,,,,,,,,,
2025-03-24T01:07:36.597042,1007,SYSCALL_DENIED,cat,failed,,/usr/bin/vim,open,-13.0,/home/user,/etc/shadow,122287.0,4728.0,,,,,,
2025-03-23T10:40:48.596047,1010,AVC_DENIED,nano,,,,,,,/etc/crontab,176184.0,,sda1,unconfined_u:unconfined_r:unconfined_t:s0,system_u:object_r:shadow_t:s0,file,read,denied
2025-03-24T03:20:57.598368,1004,AVC_DENIED,mv,,,,,,,/bin/bash,102496.0,,sda1,unconfined_u:unconfined_r:unconfined_t:s0,system_u:object_r:shadow_t:s0,file,read,denied
2025-03-23T16:43:54.602298,1014,USER_START,/usr/bin/bash,success,pts/1,,,,,,,,,,,,,
2025-03-23T17:13:37.600395,1008,CRED_ACQ,/usr/bin/bash,success,pts/1,,,,,,,,,,,,,
2025-03-23T11:57:22.599124,1009,USER_ACCT,/usr/bin/bash,success,pts/1,,,,,,,,,,,,,
2025-03-24T07:51:29.597430,1007,SYSCALL_DENIED,nano,failed,,/usr/bin/nano,open,-13.0,/home/user,/etc/sudoers,141718.0,5259.0,,,,,,
2025-03-23T17:34:25.601125,1015,CRED_DISP,/usr/bin/bash,success,pts/1,,,,,,,,,,,,,
2025-03-24T00:43:59.601259,1008,USER_START,/usr/bin/bash,success,pts/1,,,,,,,,,,,,,
2025-03-23T09:00:42.600274,1000,CRED_DISP,/usr/bin/bash,success,pts/1,,,,,,,,,,,,,
2025-03-23T18:07:51.597962,1004,SYSCALL_DENIED,less,failed,,/usr/bin/less,open,-13.0,/home/user,/etc/ssh/sshd_config,189403.0,2704.0,,,,,,
2025-03-23T11:32:17.598092,1011,AVC_DENIED,less,,,,,,,/home/user/.bashrc,197088.0,,sda1,unconfined_u:unconfined_r:unconfined_t:s0,system_u:object_r:shadow_t:s0,file,read,denied
2025-03-23T23:09:01.599908,1011,USER_END,/usr/bin/bash,success,pts/1,,,,,,,,,,,,,
2025-03-24T03:41:25.599195,1014,USER_ACCT,/usr/bin/bash,success,pts/1,,,,,,,,,,,,,
2025-03-23T21:58:25.597700,1004,AVC_DENIED,less,,,,,,,/usr/bin/wget,116575.0,,sda1,unconfined_u:unconfined_r:unconfined_t:s0,system_u:object_r:shadow_t:s0,file,read,denied
2025-03-23T08:09:10.601010,1011,CRED_ACQ,/usr/bin/bash,success,pts/1,,,,,,,,,,,,,
2025-03-23T08:53:14.602099,1011,CRED_DISP,/usr/bin/bash,success,pts/1,,,,,,,,,,,,,
2025-03-23T11:20:13.600967,1015,USER_END,/usr/bin/bash,success,pts/1,,,,,,,,,,,,,
2025-03-23T13:15:15.600726,1006,USER_START,/usr/bin/bash,success,pts/1,,,,,,,,,,,,,
2025-03-23T23:53:41.599989,1005,USER_START,/usr/bin/bash,success,pts/1,,,,,,,,,,,,,
2025-03-23T22:51:22.596609,1017,SYSCALL_DENIED,cp,failed,,/bin/mv,open,-13.0,/home/user,/var/log/syslog,147489.0,4388.0,,,,,,
2025-03-23T09:02:20.600589,1001,USER_LOGIN,/usr/bin/bash,success,pts/1,,,,,,,,,,,,,
2025-03-23T09:14:49.602171,1003,USER_CMD,/usr/bin/bash,success,pts/1,,,,,,,,,,,,,
2025-03-24T11:12:24.601434,1006,CRED_ACQ,/usr/bin/bash,success,pts/1,,,,,,,,,,,,,
2025-03-24T04:49:01.598816,1015,USER_LOGIN,/usr/bin/bash,success,pts/1,,,,,,,,,,,,,
2025-03-24T03:02:27.601253,1010,USER_LOGIN,/usr/bin/bash,success,pts/1,,,,,,,,,,,,,
2025-03-24T07:07:44.600892,1019,CRED_ACQ,/usr/bin/bash,success,pts/1,,,,,,,,,,,,,
2025-03-23T21:51:21.596902,1001,AVC_DENIED,mv,,,,,,,/etc/shadow,118432.0,,sda1,unconfined_u:unconfined_r:unconfined_t:s0,system_u:object_r:shadow_t:s0,file,read,denied
2025-03-23T21:15:53.595989,1015,SYSCALL_DENIED,cp,failed,,/usr/bin/vim,open,-13.0,/home/user,/var/log/syslog,141428.0,1418.0,,,,,,
2025-03-24T00:26:00.601338,1005,USER_ACCT,/usr/bin/bash,success,pts/1,,,,,,,,,,,,,
2025-03-23T11:22:53.601198,1016,USER_END,/usr/bin/bash,success,pts/1,,,,,,,,,,,,,
2025-03-24T08:51:20.597633,1008,SYSCALL_DENIED,mv,failed,,/usr/bin/vim,open,-13.0,/home/user,/root/.ssh/authorized_keys,134949.0,6554.0,,,,,,
2025-03-23T17:41:18.600417,1018,USER_END,/usr/bin/bash,success,pts/1,,,,,,,,,,,,,
2025-03-23T20:05:24.599209,1008,USER_ACCT,/usr/bin/bash,success,pts/1,,,,,,,,,,,,,
2025-03-23T20:01:12.602354,1009,USER_LOGIN,/usr/bin/bash,success,pts/1,,,,,,,,,,,,,
2025-03-23T12:50:31.597031,1013,AVC_DENIED,cat,,,,,,,/etc/passwd,193453.0,,sda1,unconfined_u:unconfined_r:unconfined_t:s0,system_u:object_r:shadow_t:s0,file,read,denied
2025-03-23T14:02:58.599116,1001,USER_START,/usr/bin/bash,success,pts/1,,,,,,,,,,,,,
2025-03-23T21:25:22.600834,1010,USER_CMD,/usr/bin/bash,success,pts/1,,,,,,,,,,,,,
2025-03-23T17:28:26.596204,1017,SYSCALL_DENIED,vim,failed,,/bin/cp,open,-13.0,/home/user,/root/.bash_history,139903.0,1395.0,,,,,,
2025-03-24T02:51:40.597983,1018,SYSCALL_DENIED,vim,failed,,/usr/bin/cat,open,-13.0,/home/user,/var/log/syslog,167286.0,1740.0,,,,,,
2025-03-23T20:09:22.601602,1011,USER_END,/usr/bin/bash,success,pts/1,,,,,,,,,,,,,
2025-03-23T23:16:31.599487,1001,USER_LOGIN,/usr/bin/bash,success,pts/1,,,,,,,,,,,,,
2025-03-24T01:37:01.600718,1017,USER_END,/usr/bin/bash,success,pts/1,,,,,,,,,,,,,
2025-03-24T08:35:46.598168,1005,SYSCALL_DENIED,cp,failed,,/usr/bin/less,open,-13.0,/home/user,/etc/hosts,164340.0,2751.0,,,,,,
2025-03-24T05:08:51.599261,1005,CRED_ACQ,/usr/bin/bash,success,pts/1,,,,,,,,,,,,,
2025-03-23T20:38:09.599470,1004,CRED_ACQ,/usr/bin/bash,success,pts/1,,,,,,,,,,,,,
2025-03-24T03:36:49.600934,1012,USER_CMD,/usr/bin/bash,success,pts/1,,,,,,,,,,,,,
2025-03-23T13:02:58.597053,1017,SYSCALL_DENIED,cat,failed,,/usr/bin/less,open,-13.0,/home/user,/etc/crontab,142140.0,1742.0,,,,,,
2025-03-24T10:07:31.596738,1004,AVC_DENIED,cp,,,,,,,/usr/bin/curl,188798.0,,sda1,unconfined_u:unconfined_r:unconfined_t:s0,system_u:object_r:shadow_t:s0,file,read,denied
2025-03-23T13:07:17.599674,1004,USER_END,/usr/bin/bash,success,pts/1,,,,,,,,,,,,,
2025-03-23T15:32:21.597885,1013,SYSCALL_DENIED,vim,failed,,/usr/bin/nano,open,-13.0,/home/user,/var/log/syslog,114776.0,4994.0,,,,,,
2025-03-23T18:30:01.598016,1013,AVC_DENIED,cp,,,,,,,/etc/passwd,130105.0,,sda1,unconfined_u:unconfined_r:unconfined_t:s0,system_u:object_r:shadow_t:s0,file,read,denied
2025-03-23T16:57:07.601561,1013,USER_LOGIN,/usr/bin/bash,success,pts/1,,,,,,,,,,,,,
2025-03-24T00:31:54.602128,1008,USER_END,/usr/bin/bash,success,pts/1,,,,,,,,,,,,,
2025-03-23T18:57:00.600712,1010,CRED_DISP,/usr/bin/bash,success,pts/1,,,,,,,,,,,,,
2025-03-24T07:11:56.601448,1000,USER_END,/usr/bin/bash,success,pts/1,,,,,,,,,,,,,
2025-03-24T11:08:38.601066,1010,USER_END,/usr/bin/bash,success,pts/1,,,,,,,,,,,,,
2025-03-23T15:38:59.598808,1003,USER_ACCT,/usr/bin/bash,success,pts/1,,,,,,,,,,,,,
2025-03-23T21:47:36.599560,1002,CRED_ACQ,/usr/bin/bash,success,pts/1,,,,,,,,,,,,,
2025-03-23T10:29:31.601039,1016,USER_CMD,/usr/bin/bash,success,pts/1,,,,,,,,,,,,,
2025-03-24T03:07:48.598411,1011,AVC_DENIED,vim,,,,,,,/etc/ssh/sshd_config,158092.0,,sda1,unconfined_u:unconfined_r:unconfined_t:s0,system_u:object_r:shadow_t:s0,file,read,denied
2025-03-24T00:26:45.600625,1018,USER_END,/usr/bin/bash,success,pts/1,,,,,,,,,,,,,
2025-03-23T16:03:32.602217,1001,USER_LOGIN,/usr/bin/bash,success,pts/1,,,,,,,,,,,,,
